Song Title,Artist,Release Date,Angella,Favorites,Pace: Upbeat,Pace: Medium,Pace: Slow,Sing-Along,Love Song,Processional Ideas,Recessional Ideas,First Dance,Father/Daughter,Mother/Son,Folk,Pop,Country,Rock,Indie,Alternative, Reggae,Soul,Funk,Punk,Acoustic,R&B,Children,Blues,Jazz,Dance,International,Rap,Religious,Vocal,Hip Hop,Singer-Songwriter,Bluegrass,Jam,Classical,Link
What's up,4 Non Blondes,1/1/1993,no,yes,no,yes,no,yes,no,no,no,no,no,no,no,no,no,yes,no,yes,no,no,no,no,no,no,no,no,no,no,no,no,no,no,no,no,no,no,no,lyrics
Grow Old With You,Adam Sandler,2/13/1998,no,yes,no,no,yes,no,yes,no,no,yes,no,no,no,yes,no,no,no,no,no,no,no,no,no,no,no,no,no,no,no,no,no,no,no,no,no,no,no,
Sober Up,AJR,3/20/2018,no,yes,yes,no,no,no,no,no,no,no,no,no,no,yes,no,no,yes,no,no,no,no,no,no,no,no,no,no,no,no,no,no,no,no,no,no,no,no,https://www.evernote.com/shard/s3/nl/584496/c9fd18c7-f38c-47e4-853e-8c0fdf3cd125/
We're in This Love Together,Al Jarreau,7/1/1981,no,yes,no,yes,no,no,yes,no,yes,yes,no,no,no,no,no,no,no,no,no,yes,no,no,no,no,no,no,yes,no,no,no,no,no,no,no,no,no,no,https://www.evernote.com/shard/s3/nl/584496/e2e41ff7-bad8-4726-8c28-1a0da3c4989c/
Too Close,Alex Clare,4/15/2011,no,yes,no,yes,no,no,no,no,no,no,no,no,no,yes,no,no,no,no,no,yes,no,no,no,no,no,no,no,no,no,no,no,no,no,no,no,no,no,https://www.evernote.com/shard/s3/nl/584496/eace238f-c5f7-464a-82ba-127506fbbd8e/
If I Ain't Got You,Alicia Keys,2/17/2004,no,yes,no,yes,no,no,yes,no,no,no,no,no,no,no,no,no,no,no,no,yes,no,no,no,yes,no,no,no,no,no,no,no,no,no,no,no,no,no,https://www.evernote.com/shard/s3/nl/584496/c47cb7dd-0443-44fb-afa5-e0c6181e95a5/
Ramblin' Man,Allman Brothers,8/1/1973,no,yes,yes,yes,no,no,no,no,no,no,no,no,no,no,yes,yes,no,no,no,no,no,no,no,no,no,no,no,no,no,no,no,no,no,no,no,no,no,https://www.evernote.com/shard/s3/nl/584496/abeb9c0c-c257-4856-b063-fc28e60c5011/
I Need A Dollar,Aloe Blacc,3/16/2010,no,yes,yes,no,no,no,no,no,no,no,no,no,no,no,no,no,no,no,no,yes,no,no,no,no,no,no,no,no,no,no,no,no,no,no,no,no,no,https://www.evernote.com/shard/s3/nl/584496/69b9db95-2cbf-4bcb-b8f2-28d762e183e5/
Wake Me Up,Aloe Blacc,10/22/2013,no,yes,no,yes,no,no,no,no,no,no,no,no,yes,no,no,no,no,no,no,yes,no,no,no,no,no,no,no,no,no,no,no,no,no,yes,no,no,no,https://www.evernote.com/shard/s3/nl/584496/a3297b17-2e6b-4ec0-aad1-ae440665662a/
Left Hand Free,Alt-J,7/7/2014,yes,yes,yes,no,no,no,no,no,no,no,no,no,no,yes,no,yes,yes,no,no,no,no,no,no,no,no,no,no,no,no,no,no,no,no,no,no,no,no,https://www.evernote.com/shard/s3/nl/584496/aa807fb7-faa1-4c3a-b542-a139e7dc4624/
Best Day Of My Life,American Authors,3/19/2013,no,yes,yes,no,no,no,no,no,yes,no,no,no,no,no,no,yes,yes,no,no,no,no,no,no,no,no,no,no,no,no,no,no,no,no,no,no,no,no,https://www.evernote.com/shard/s3/nl/584496/c7e38959-f992-4645-813f-d27b2d7a29f6/
Arms of a Woman,Amos Lee,3/1/2005,no,yes,no,no,yes,no,yes,no,no,no,no,no,yes,no,no,no,no,no,no,yes,no,no,no,no,no,no,no,no,no,no,no,no,no,no,no,no,no,https://www.evernote.com/shard/s3/nl/584496/30d4a822-e4b3-417a-9b49-5779d03a3d63/
Colors,Amos Lee,3/1/2005,no,yes,no,no,yes,no,no,no,no,no,no,no,yes,no,no,no,no,no,no,yes,no,no,no,no,no,no,no,no,no,no,no,no,no,no,no,no,no,https://www.evernote.com/shard/s3/nl/584496/e9afed64-7a68-4341-b084-96c0ea6de309/
Supply and Demand,Amos Lee,10/3/2006,yes,yes,yes,yes,no,no,no,no,no,no,no,no,yes,no,no,no,no,no,no,yes,no,no,no,no,no,no,no,no,no,no,no,no,no,no,no,no,no,https://www.evernote.com/shard/s3/nl/584496/9ad748db-05f9-4654-9646-1ae302bc6256/
Sweet Pea,Amos Lee,10/3/2006,no,yes,no,yes,no,no,yes,yes,no,no,no,no,yes,no,no,yes,no,no,no,yes,no,no,no,no,no,no,yes,no,no,no,no,no,no,no,no,no,no,https://www.evernote.com/shard/s3/nl/584496/03158e12-9286-4554-83cd-0366082356ad/
What's Been Going On,Amos Lee,6/24/2008,yes,yes,no,no,yes,no,no,no,no,no,no,no,yes,no,no,no,no,no,no,yes,no,no,no,no,no,no,no,no,no,no,no,no,no,no,no,no,no,https://www.evernote.com/shard/s3/nl/584496/25f8bcfe-6654-486d-abd7-c039abab1e9c/
Rehab,Amy Winehouse,1/1/2006,yes,yes,yes,yes,no,no,no,no,no,no,no,no,no,no,no,no,no,no,no,yes,no,no,no,yes,no,yes,no,no,no,no,no,no,no,no,no,no,no,no
Valerie,Amy Winehouse,1/1/2006,no,yes,yes,no,no,no,no,no,no,no,no,no,no,no,no,no,no,no,no,yes,no,no,no,yes,no,no,no,no,no,no,no,no,no,no,no,no,no,no
Keep Your Head Up,Andy Grammar,2/14/2011,no,yes,yes,no,no,no,no,no,no,no,no,no,no,yes,no,yes,no,no,no,no,no,no,no,no,no,no,no,no,no,no,no,no,no,no,no,no,no,https://www.evernote.com/shard/s3/nl/584496/f1c05bf0-e9bd-4a18-9de9-02c05ea87989/
Head full of Doubt/Road Full of Promise,Avett Brothers,9/29/2009,yes,yes,yes,no,no,no,no,no,no,no,no,no,yes,no,no,no,no,no,no,no,no,no,no,no,no,no,no,no,no,no,no,no,no,no,no,no,no,https://www.evernote.com/shard/s3/nl/584496/546b849f-2b0c-4719-b8bb-3a6530b1e31a/
I and Love and You,Avett Brothers,9/29/2009,yes,yes,no,yes,no,no,yes,no,no,no,no,no,yes,no,no,yes,no,no,no,no,no,no,no,no,no,no,no,no,no,no,no,no,no,no,no,no,no,https://www.evernote.com/shard/s3/nl/584496/ff46a944-ccc5-4cc2-9620-460f8317fc34/
Live And Die,Avett Brothers,9/11/2012,no,yes,no,yes,no,no,yes,no,no,no,no,no,yes,no,no,no,yes,no,no,no,no,no,no,no,no,no,no,no,no,no,no,no,no,no,no,no,no,https://www.evernote.com/shard/s3/nl/584496/1c24110f-609b-4cfc-9966-be917b688ba0/
Shame,Avett Brothers,5/15/2007,yes,yes,no,yes,no,no,no,no,no,no,no,no,yes,no,no,no,no,no,no,no,no,no,no,no,no,no,no,no,no,no,no,no,no,yes,no,no,no,https://www.evernote.com/shard/s3/nl/584496/0654b4da-4f1c-4ee6-9bb8-dc240430198c/
Weight of Lies,Avett Brothers,5/15/2007,yes,yes,no,yes,no,no,no,no,no,no,no,no,yes,no,no,no,no,no,no,no,no,no,no,no,no,no,no,no,no,no,no,no,no,yes,no,no,no,https://www.evernote.com/shard/s3/nl/584496/fd26b472-a790-44a8-9ceb-075d0d266f72/
The Weight,Band,1/1/1968,yes,yes,no,yes,no,no,no,no,no,no,no,no,yes,no,no,yes,no,no,no,no,no,no,no,no,no,no,no,no,no,no,no,no,no,no,no,no,no,https://www.evernote.com/shard/s3/nl/584496/206eb174-a065-4323-908e-a72baf038613/
Pompeii,Bastille,1/12/2013,no,yes,yes,no,no,no,no,no,no,no,no,no,no,yes,no,no,yes,no,no,no,no,no,no,no,no,no,no,no,no,no,no,no,no,no,no,no,no,https://www.evernote.com/shard/s3/nl/584496/2e0f5a09-c382-49fa-9a3c-5bfe6b23e5fd/
Don't Worry Baby,Beach Boys,5/11/1964,no,yes,no,yes,no,no,yes,yes,no,no,no,no,no,yes,no,no,no,no,no,no,no,no,no,no,no,no,no,no,no,no,no,no,no,no,no,no,no,https://www.evernote.com/shard/s3/nl/584496/c5962d30-c77c-4153-8fb3-10541f5a0480/
All My Loving,Beatles,11/22/1963,no,yes,no,yes,no,yes,yes,no,no,no,no,no,yes,no,no,no,no,no,no,no,no,no,no,no,no,no,no,no,no,no,no,no,no,no,no,no,no,https://www.evernote.com/shard/s3/nl/584496/bdcb9a4e-d873-4ecc-8298-5ed0235a25bf/
All You Need Is Love,Beatles,7/7/1967,no,yes,no,yes,no,yes,yes,yes,yes,no,no,no,yes,yes,no,no,no,no,no,no,no,no,no,no,no,no,no,no,no,no,no,no,no,no,no,no,no,https://www.evernote.com/shard/s3/nl/584496/dc19b2c4-a642-4d08-bfcc-a640eccba357/
Blackbird,Beatles,11/22/1968,no,yes,no,no,yes,no,yes,no,no,no,no,no,yes,no,no,no,no,no,no,no,no,no,no,no,no,no,no,no,no,no,no,no,no,no,no,no,no,https://www.evernote.com/shard/s3/nl/584496/358f750a-9a31-42af-acfb-626b32669e56/
Come Together,Beatles,10/6/1969,no,yes,yes,no,no,yes,no,no,no,no,no,no,no,no,no,yes,no,no,no,no,no,no,no,no,no,yes,no,no,no,no,no,no,no,no,no,no,no,https://www.evernote.com/shard/s3/nl/584496/a46cb68b-4887-4b9b-8d8b-11d26b937053/
Here Comes The Sun,Beatles,9/26/1969,no,yes,no,no,yes,no,no,no,no,no,no,no,yes,no,no,no,no,no,no,no,no,no,no,no,no,no,no,no,no,no,no,no,no,no,no,no,no,https://www.evernote.com/shard/s3/nl/584496/7a9a2093-c078-48fb-ab8f-cf3bc612b930/
Hey Jude,Beatles,8/26/1968,no,yes,yes,no,no,yes,no,no,no,no,no,no,yes,yes,no,yes,no,no,no,no,no,no,no,no,no,no,no,no,no,no,no,no,no,no,no,no,no,https://www.evernote.com/shard/s3/nl/584496/fa0ea2c2-37ac-4355-9513-ce192cb24d07/
I've Just Seen A Face,Beatles,8/6/1965,yes,yes,yes,no,no,yes,yes,no,no,no,no,no,yes,yes,no,yes,no,no,no,no,no,no,no,no,no,no,no,no,no,no,no,no,no,no,no,no,no,https://www.evernote.com/shard/s3/nl/584496/d0eac56f-52cb-4b3b-bf2d-5c7bbac3de7e/
In My Life,Beatles,12/3/1965,no,yes,no,no,yes,no,yes,yes,no,no,no,yes,yes,no,no,no,no,no,no,no,no,no,no,no,no,no,no,no,no,no,no,no,no,no,no,no,no,https://www.evernote.com/shard/s3/nl/584496/90264623-8fa6-4205-b6e7-e0e7eaf3ed86/
Let It Be,Beatles,3/6/1970,no,yes,no,yes,no,yes,no,no,no,no,no,no,no,yes,no,yes,no,no,no,no,no,no,no,no,no,no,no,no,no,no,no,no,no,no,no,no,no,https://www.evernote.com/shard/s3/nl/584496/5f5d34a4-a335-4af1-b2bc-363843f937a5/
Real Love,Beatles,10/10/1988,no,yes,no,no,yes,no,yes,yes,no,no,no,no,no,yes,no,no,no,no,no,no,no,no,no,no,no,no,no,no,no,no,no,no,no,no,no,no,no,https://www.evernote.com/shard/s3/nl/584496/0954af7d-3204-4585-9fb3-a874f811fa8e/
Rocky Racoon,Beatles,11/22/1968,no,yes,yes,yes,no,no,no,no,no,no,no,no,yes,no,yes,yes,no,no,no,no,no,no,no,no,no,no,no,no,no,no,no,no,no,no,no,no,no,https://www.evernote.com/shard/s3/nl/584496/321e3a9c-72e8-4d9c-a367-3a59c4b8b486/
Something,Beatles,10/6/1969,yes,yes,no,no,yes,no,yes,yes,no,yes,no,no,no,yes,no,yes,no,no,no,no,no,no,no,no,no,no,no,no,no,no,no,no,no,no,no,no,no,no
With A Little Help From My Friends,Beatles,6/1/1967,no,yes,yes,no,no,yes,no,no,no,no,no,no,yes,yes,no,no,no,no,no,no,no,no,no,no,no,no,no,no,no,no,no,no,no,no,no,no,no,https://www.evernote.com/shard/s3/nl/584496/7923723c-9c13-419f-8271-9aedaec2137c/
Yesterday,Beatles,8/6/1965,no,yes,no,no,yes,no,yes,no,no,no,no,no,yes,no,no,no,no,no,no,no,no,no,no,no,no,no,no,no,no,no,no,no,no,no,no,no,no,https://www.evernote.com/shard/s3/nl/584496/f27b432d-a341-42b4-b416-c902ac2d9ac6/
Meant To Be ,Bebe Rexha,10/24/2017,no,yes,no,yes,no,no,no,no,no,no,no,no,no,yes,yes,no,no,no,no,no,no,no,no,no,no,no,no,no,no,no,no,no,no,no,no,no,no,https://www.evernote.com/shard/s3/nl/584496/1fd86747-ae67-4c39-ac41-539a3f393c2a/
Steal My Kisses,Ben Harper,4/10/2000,no,yes,yes,no,no,yes,no,no,no,no,no,no,yes,no,no,no,no,no,no,no,yes,no,no,no,no,no,no,no,no,no,no,no,no,no,no,no,no,https://www.evernote.com/shard/s3/nl/584496/bbf21822-e304-4483-bf60-c852b695d8db/
Stand By Me,Ben King,4/1/1961,no,yes,no,no,yes,no,no,no,no,no,no,no,no,no,no,no,no,no,no,yes,no,no,no,yes,no,no,no,no,no,no,no,no,no,no,no,no,no,https://www.evernote.com/shard/s3/nl/584496/a12dfd7c-844b-4995-8c88-4d1c4ba2456a/
Brand New,Ben Rector,1/1/2015,no,yes,yes,no,no,no,yes,no,yes,no,no,no,no,yes,no,yes,no,no,no,no,no,no,no,no,no,no,no,no,no,no,no,no,no,no,no,no,no,https://www.evernote.com/shard/s3/nl/584496/c80db8ab-93be-4b22-833e-43c28bbb0e35/
Ain't No Sunshine,Bill Withers,6/1/1971,no,yes,yes,yes,no,no,no,no,no,no,no,no,no,no,no,no,no,no,no,yes,no,no,no,yes,no,yes,no,no,no,no,no,no,no,no,no,no,no,https://www.evernote.com/shard/s3/nl/584496/08f1ffc9-36b3-49cc-a0c4-c33c0293c2fa/
Just the Two of Us,Bill Withers,2/1/1981,no,yes,no,yes,no,no,yes,no,no,no,no,no,no,no,no,no,no,no,no,yes,no,no,no,yes,no,no,no,no,no,no,no,no,no,no,no,no,no,https://www.evernote.com/shard/s3/nl/584496/cf7e628c-9770-455d-8cb6-1145b3c91a89/
Lean On Me,Bill Withers,4/21/1972,no,yes,no,yes,no,yes,no,no,no,no,no,no,no,no,no,no,no,no,no,yes,no,no,no,no,no,no,no,no,no,no,no,no,no,no,no,no,no,https://www.evernote.com/shard/s3/nl/584496/c090ea26-1c3c-4800-b71d-70481fd6fa27/
Lovely Day,Bill Withers,8/1/1977,yes,yes,yes,yes,no,no,no,no,yes,no,yes,yes,no,no,no,no,no,no,no,yes,no,no,no,yes,no,no,no,no,no,no,no,no,no,no,no,no,no,https://www.evernote.com/shard/s3/nl/584496/119c6f43-a332-4a63-88e7-d194992cb3c7/
Just The Way You Are,Billy Joel,9/1/1977,no,yes,no,no,yes,no,yes,yes,no,yes,no,no,no,yes,no,yes,no,no,no,no,no,no,no,no,no,no,no,no,no,no,no,no,no,no,no,no,no,https://www.evernote.com/shard/s3/nl/584496/8b635def-601e-41c4-acfe-64c26a535230/
Piano Man,Billy Joel,11/2/1973,no,yes,yes,no,no,yes,no,no,no,no,no,no,yes,no,no,yes,no,no,no,no,no,no,no,no,no,no,no,no,no,no,no,no,no,no,no,no,no,https://www.evernote.com/shard/s3/nl/584496/ca58ca90-9287-45e6-8fd7-998cb48a1cfd/
Vienna,Billy Joel,9/29/1977,no,yes,no,yes,no,no,no,no,no,no,no,no,no,yes,no,yes,no,no,no,no,no,no,no,no,no,no,no,no,no,no,no,no,no,no,no,no,no,https://www.evernote.com/shard/s3/nl/584496/094ac0f2-7164-433e-83cd-72898b2e5fdc/
No Diggety,Blackstreet,9/30/1996,yes,yes,yes,yes,no,yes,no,no,no,no,no,no,no,no,no,no,no,no,no,yes,no,no,no,yes,no,no,no,no,no,no,no,no,yes,no,no,no,no,https://www.evernote.com/shard/s3/nl/584496/3a60462d-cb85-49ea-bb8b-fb697ce81c41/
All The Small Things,Blink 182,6/1/1999,yes,yes,yes,no,no,yes,no,no,no,no,no,no,no,yes,no,no,no,no,no,no,no,yes,no,no,no,no,no,no,no,no,no,no,no,no,no,no,no,https://www.evernote.com/shard/s3/nl/584496/a0dd819c-2a73-4277-8ef2-c1bff11378a3/
I Miss You,Blink 182,2/2/2004,no,yes,no,yes,no,no,yes,no,no,no,no,no,no,no,no,yes,no,yes,no,no,no,yes,no,no,no,no,no,no,no,no,no,no,no,no,no,no,no,https://www.evernote.com/shard/s3/nl/584496/2acf813b-a95f-4ea5-9dd1-25bc4beb150c/
What's My Age Again,Blink 182,6/1/1999,no,yes,yes,no,no,no,no,no,no,no,no,no,no,yes,no,no,no,no,no,no,no,yes,no,no,no,no,no,no,no,no,no,no,no,no,no,no,no,https://www.evernote.com/shard/s3/nl/584496/defa3b89-2cd7-4558-bbdb-b701206818ea/
Don't Think Twice It's Alright,Bob Dylan,8/1/1963,no,yes,no,yes,no,no,no,no,no,no,no,no,yes,no,no,no,no,no,no,no,no,no,no,no,no,no,no,no,no,no,no,no,no,no,no,no,no,https://www.evernote.com/shard/s3/nl/584496/3cb4a788-c128-40ba-a2d9-0cf95d11969b/
It Ain't Me Babe,Bob Dylan,8/8/1964,no,yes,no,yes,no,no,no,no,no,no,no,no,yes,no,no,no,no,no,no,no,no,no,no,no,no,no,no,no,no,no,no,no,no,no,no,no,no,https://www.evernote.com/shard/s3/nl/584496/d74e5620-aee0-4d3e-a446-cdbed4ee591c/
Mr. Tambourine Man,Bob Dylan,3/22/1965,no,yes,no,yes,no,no,no,no,no,no,no,no,yes,no,no,yes,no,no,no,no,no,no,no,no,no,no,no,no,no,no,no,no,no,no,no,no,no,https://www.evernote.com/shard/s3/nl/584496/07770536-a9f5-4818-b911-cc803ff6362d/
Buffalo Soldier,Bob Marley,5/23/1983,yes,yes,yes,no,no,no,no,no,no,no,no,no,no,no,no,no,no,no,yes,no,no,no,no,no,no,no,no,no,no,no,no,no,no,no,no,no,no,https://www.evernote.com/shard/s3/nl/584496/f563c3d9-4501-406a-bf5c-f66e8f3843b7/
Could You Be Loved,Bob Marley,6/10/1980,no,yes,yes,no,no,yes,yes,no,no,no,no,no,no,no,no,no,no,no,yes,no,no,no,no,no,no,no,no,no,no,no,no,no,no,no,no,no,no,https://www.evernote.com/shard/s3/nl/584496/303ab10b-2f8b-452d-8cc8-ed48ed4f9330/
Is This Love,Bob Marley,3/23/1978,no,yes,yes,yes,no,yes,yes,no,no,no,no,no,no,no,no,no,no,no,yes,no,no,no,no,no,no,no,no,no,no,no,no,no,no,no,no,no,no,https://www.evernote.com/shard/s3/nl/584496/38f8b145-0f0d-4c53-945b-beccb6c6e8c2/
One Drop,Bob Marley,10/2/1979,no,yes,yes,yes,no,no,no,no,no,no,no,no,no,no,no,no,no,no,yes,no,no,no,no,no,no,no,no,no,no,no,no,no,no,no,no,no,no,https://www.evernote.com/shard/s3/nl/584496/85e6cfbd-9d8e-4610-8fb2-767cee812e6c/
One Love/People Get Ready,Bob Marley,6/3/1977,yes,yes,yes,yes,no,yes,no,no,yes,no,no,no,no,no,no,no,no,no,yes,no,no,no,no,no,no,yes,no,no,no,no,no,no,no,no,no,no,no,https://www.evernote.com/shard/s3/nl/584496/30153f17-70f6-4d4d-9712-62af4d43814e/
Stir It Up,Bob Marley,1/1/1967,no,yes,yes,yes,no,no,no,no,no,no,no,no,no,no,no,no,no,no,yes,no,no,no,no,no,no,no,no,no,no,no,no,no,no,no,no,no,no,https://www.evernote.com/shard/s3/nl/584496/dd54fbd1-0c8f-4429-95b0-2a4bc2c44fb4/
Three Little Birds,Bob Marley,6/3/1977,yes,yes,yes,yes,no,yes,no,no,no,no,no,no,no,no,no,no,no,no,yes,no,no,no,no,no,no,no,no,no,no,no,no,no,no,no,no,no,no,https://www.evernote.com/shard/s3/nl/584496/4e300c3c-3818-457c-9f39-97c31dc940a4/
Waiting In Vain,Bob Marley,6/3/1977,no,yes,no,yes,yes,no,yes,no,no,no,no,no,no,no,no,no,no,no,yes,no,no,no,no,no,no,no,no,no,no,no,no,no,no,no,no,no,no,https://www.evernote.com/shard/s3/nl/584496/45777457-92be-4bb2-a3bf-2a37a64d9c30/
2002,Bob Schneider,3/13/2001,yes,yes,no,no,yes,no,no,no,no,no,no,no,yes,no,yes,yes,no,yes,no,no,no,no,no,no,no,no,no,no,no,no,no,no,no,no,no,no,no,https://www.evernote.com/shard/s3/nl/584496/9774800f-3a88-40ce-aad1-f2589299d240/
40 Dogs,Bob Schneider,9/29/2009,yes,yes,yes,no,no,no,yes,no,no,no,no,no,yes,yes,no,yes,no,yes,no,no,no,no,no,no,no,no,no,no,no,no,no,no,no,no,no,no,no,https://www.evernote.com/shard/s3/nl/584496/32fca5e9-d811-4eeb-829e-4d3b16862ce1/
Big Blue Sea,Bob Schneider,3/13/2001,no,yes,yes,yes,no,no,no,no,no,no,no,no,yes,no,no,yes,no,yes,no,no,no,no,no,no,no,no,no,no,no,no,no,no,no,no,no,no,no,https://www.evernote.com/shard/s3/nl/584496/bf951753-dadd-4ef7-aeca-bad6cd4e55bb/
Honeypot,Bob Schneider,4/19/2011,no,yes,yes,yes,no,yes,yes,no,no,no,no,no,yes,yes,no,no,no,yes,no,no,no,no,no,no,no,no,no,no,no,no,no,no,no,no,no,no,no,https://www.evernote.com/shard/s3/nl/584496/0b603ca7-9d87-44c4-a08b-4c1854bef44c/
Long Way To Get,Bob Schneider,4/13/2004,no,yes,no,yes,no,no,no,no,no,no,no,no,yes,no,no,no,no,yes,no,no,no,no,no,no,no,no,no,no,no,no,no,no,no,no,no,no,no,https://www.evernote.com/shard/s3/nl/584496/81c474ab-8024-4fdf-9a7d-e4a3759f9313/
Making It Up,Bob Schneider,1/1/2018,no,yes,no,yes,no,no,no,no,no,no,no,no,no,yes,no,no,no,no,no,no,no,no,no,no,no,no,no,no,no,no,no,no,no,no,no,no,no,https://www.evernote.com/shard/s3/nl/584496/e9ca280e-105d-41b7-a31d-0dd29a3106c1/
Against the Wind,Bob Seger,4/1/1980,no,yes,no,yes,no,no,no,no,no,no,no,no,no,no,no,yes,no,no,no,no,no,no,no,no,no,no,no,no,no,no,no,no,no,no,no,no,no,https://www.evernote.com/shard/s3/nl/584496/e6e6b7cf-fdea-4c41-8a64-6f5d35ba7ac8/
00000 Million,Bon Iver,9/30/2016,no,yes,no,yes,yes,no,no,no,no,no,no,no,yes,yes,no,no,yes,no,no,no,no,no,no,no,no,no,no,no,no,no,no,no,no,no,no,no,no,https://www.evernote.com/shard/s3/nl/584496/dd1ca0c5-9cac-4377-b8be-48f1539000be/
Skinny Love,Bon Iver,4/28/2008,no,yes,no,no,yes,no,no,no,no,no,no,no,yes,no,no,no,yes,no,no,no,no,no,no,no,no,no,no,no,no,no,no,no,no,no,no,no,no,https://www.evernote.com/shard/s3/nl/584496/5d543bed-383c-44bd-914e-4c7b9441c95e/
Living on a Prayer,Bon Jovi,10/31/1986,no,yes,yes,no,no,yes,no,no,no,no,no,no,no,no,no,yes,no,no,no,no,no,no,no,no,no,no,no,no,no,no,no,no,no,no,no,no,no,https://www.evernote.com/shard/s3/nl/584496/cd02ee22-b183-4923-906a-65c8f44ea8e9/
First Day Of My Life,Bright Eyes,3/21/2005,no,yes,no,yes,yes,no,yes,yes,no,no,no,no,yes,no,no,no,yes,no,no,no,no,no,no,no,no,no,no,no,no,no,no,no,no,no,no,no,no,https://www.evernote.com/shard/s3/nl/584496/4108c723-6fef-4119-9da2-f08a072cfb07/
If I should fall behind,Bruce Springsteen,3/31/1992,no,yes,no,no,yes,no,no,no,no,yes,no,no,no,no,no,yes,no,no,no,no,no,no,no,no,no,no,no,no,no,no,no,no,no,no,no,no,no,no
Thunder Road,Bruce Springsteen,8/25/1975,no,yes,no,yes,no,no,no,no,no,no,no,no,yes,no,no,yes,no,no,no,no,no,no,no,no,no,no,no,no,no,no,no,no,no,no,no,no,no,https://www.evernote.com/shard/s3/nl/584496/dd1631eb-7b8c-430b-8835-ae1a1ef52d86/
Count On Me,Bruno Mars,11/7/2011,no,yes,no,yes,no,no,yes,no,no,no,no,no,yes,yes,no,no,no,no,no,no,no,no,no,no,no,no,no,no,no,no,no,no,no,no,no,no,no,https://www.evernote.com/shard/s3/nl/584496/723265c5-55e5-4d3a-a8d1-9dd862bea3eb/
Marry You,Bruno Mars,8/22/2011,no,yes,yes,yes,no,no,yes,no,no,no,no,no,no,yes,no,yes,no,no,no,no,no,no,no,yes,no,no,no,no,no,no,no,no,no,no,no,no,no,https://www.evernote.com/shard/s3/nl/584496/7e611d7c-be92-4ba4-b571-f20d1527055c/
When I Was Your Man,Bruno Mars,1/15/2013,no,yes,no,yes,no,no,yes,no,no,no,no,no,no,yes,no,no,no,no,no,no,no,no,no,yes,no,no,no,no,no,no,no,no,no,no,no,no,no,https://www.evernote.com/shard/s3/nl/584496/91a746cd-d25f-463b-8db1-3ebe16ad69c7/
Ain't No Rest for the Wicked,Cage the Elephant,6/16/2008,no,yes,yes,no,no,no,no,no,no,no,no,no,no,no,no,yes,no,yes,no,no,no,no,no,no,no,no,no,no,no,no,no,no,no,no,no,no,no,https://www.evernote.com/shard/s3/nl/584496/c08215ca-dcc5-4f96-a6ab-3c3e0b9cb31c/
Love You Madly,Cake,7/24/2001,yes,yes,yes,no,no,no,yes,no,yes,no,no,no,no,yes,no,yes,no,yes,no,no,no,no,no,no,no,no,no,no,no,no,no,no,no,no,no,no,no,https://www.evernote.com/shard/s3/nl/584496/292165c4-ff04-43dc-bc37-4034f39b1919/
The Guitar Man,Cake,10/5/2004,no,yes,yes,no,no,no,no,no,no,no,no,no,no,no,no,yes,no,yes,no,no,no,no,no,no,no,no,no,no,no,no,no,no,no,no,no,no,no,https://www.evernote.com/shard/s3/nl/584496/fea0c7c3-b365-4303-8a1f-123ef62b2006/
Father & Son,Cat Stevens,11/23/1970,no,yes,no,no,yes,no,no,no,no,no,no,no,yes,no,no,yes,no,no,no,no,no,no,no,no,no,no,no,no,no,no,no,no,no,no,no,no,no,https://www.evernote.com/shard/s3/nl/584496/0c9a2c98-f541-41d6-8b73-afeae493da29/
"If You Want to Sing Out, Sing Out",Cat Stevens,12/1/1984,no,yes,no,yes,no,no,no,no,no,no,no,no,yes,yes,no,no,no,no,no,no,no,no,no,no,no,no,no,no,no,no,no,no,no,no,no,no,no,https://www.evernote.com/shard/s3/nl/584496/e7307ac9-93e8-497d-bb01-6bfaf91974ee/
The Wind,Cat Stevens,10/1/1971,no,yes,no,no,yes,no,no,no,no,no,no,no,yes,no,no,no,no,no,no,no,no,no,no,no,no,no,no,no,no,no,no,no,no,no,no,no,no,https://www.evernote.com/shard/s3/nl/584496/71d57124-f816-4081-9578-b8aab6b5fd0a/
Wild World,Cat Stevens,11/23/1970,no,yes,no,yes,no,yes,no,no,no,no,no,no,yes,no,no,yes,no,no,no,no,no,no,no,no,no,no,no,no,no,no,no,no,no,no,no,no,no,https://www.evernote.com/shard/s3/nl/584496/5746998e-cecc-48ba-8ec9-538e91fb879e/
Closer,Chainsmokers,7/29/2016,no,yes,no,yes,no,no,no,no,no,no,no,no,no,yes,no,no,no,no,no,no,no,no,no,no,no,no,no,no,no,no,no,no,no,no,no,no,no,https://www.evernote.com/shard/s3/nl/584496/baba65bd-f40a-4453-a381-191060e7b743/
Don't Let Me Down,Chainsmokers,2/5/2016,no,yes,no,yes,no,no,no,no,no,no,no,no,no,yes,no,no,no,no,no,no,no,no,no,no,no,no,no,no,no,no,no,no,no,no,no,no,no,https://www.evernote.com/shard/s3/nl/584496/9307ad3f-56a6-44f1-a5d1-2710c2e62005/
Sunday Candy,Chance the Rapper,5/28/2015,no,yes,yes,yes,no,no,no,no,no,no,no,no,no,no,no,no,no,no,no,yes,no,no,no,yes,no,no,no,no,no,no,no,no,yes,no,no,no,no,no
Tennessee Whiskey,Chris Stapleton,5/5/2015,no,yes,no,yes,yes,no,yes,no,no,no,no,no,no,no,yes,no,no,no,no,no,no,no,no,no,no,no,no,no,no,no,no,no,no,no,no,no,no,https://www.evernote.com/shard/s3/nl/584496/b32124fa-03d6-4afa-984c-47f609f42a54/
A Thousand Years,Christina Perri,10/18/2011,yes,yes,no,no,yes,no,yes,yes,yes,yes,no,no,no,yes,no,no,no,no,no,no,no,no,no,no,no,no,no,no,no,no,no,no,no,no,no,no,no,https://www.evernote.com/shard/s3/nl/584496/daf31f8b-c1a8-43a5-92f8-ec46e9f5b383/
Bullet And A Target,Citizen Cope,9/14/2004,yes,yes,yes,no,no,no,no,no,no,no,no,no,yes,no,no,yes,no,yes,no,no,no,no,no,no,no,no,no,no,no,no,no,no,no,no,no,no,no,https://www.evernote.com/shard/s3/nl/584496/76532e49-3e07-4d7a-8954-c393a7426f9d/
Healing Hands,Citizen Cope,2/8/2010,no,yes,yes,no,no,no,no,no,no,no,no,no,no,no,no,yes,yes,yes,no,no,no,no,no,no,no,no,no,no,no,no,no,no,no,no,no,no,no,https://www.evernote.com/shard/s3/nl/584496/e29b596e-fa42-4179-977a-34823bb08ff2/
Sideways,Citizen Cope,9/14/2004,yes,yes,no,no,yes,no,yes,no,no,no,no,no,yes,no,no,no,yes,no,no,no,no,no,no,no,no,no,no,no,no,no,no,no,no,no,no,no,no,https://www.evernote.com/shard/s3/nl/584496/52f38a63-8f46-4118-8f4b-f8250b396349/
Son's Gonna Rise,Citizen Cope,9/14/2004,no,yes,yes,no,no,no,no,no,no,no,no,no,no,no,no,yes,no,yes,no,no,no,no,no,no,no,no,no,no,no,no,no,no,no,no,no,no,no,https://www.evernote.com/shard/s3/nl/584496/889f2fa5-6c59-4f92-b98f-faaa14886204/
I've Got This Friend,Civil Wars,2/1/2011,yes,yes,no,yes,no,no,no,no,no,no,no,no,yes,no,yes,no,yes,yes,no,no,no,no,no,no,no,no,no,no,no,no,no,no,no,no,no,no,no,https://www.evernote.com/shard/s3/nl/584496/f7023c12-d70d-4c0f-a98c-3138be5c1c58/
Green Eyes,Coldplay,8/26/2002,no,yes,no,no,yes,no,no,no,no,no,no,no,no,no,no,yes,no,yes,no,no,no,no,no,no,no,no,no,no,no,no,no,no,no,no,no,no,no,https://www.evernote.com/shard/s3/nl/584496/a96496da-3a3a-4265-956b-cd698704d55d/
In My Place,Coldplay,8/5/2002,no,yes,no,no,yes,no,no,no,no,no,no,no,no,yes,no,yes,no,yes,no,no,no,no,no,no,no,no,no,no,no,no,no,no,no,no,no,no,no,https://www.evernote.com/shard/s3/nl/584496/f1f430ab-bb8a-426d-a4fc-a1269b2457ad/
Magic,Coldplay,5/16/2014,no,yes,no,yes,no,no,no,no,no,no,no,no,no,yes,no,no,no,yes,no,no,no,no,no,no,no,no,no,no,no,no,no,no,no,no,no,no,no,https://www.evernote.com/shard/s3/nl/584496/d0a27662-3433-4d2e-a4db-547b8a6909db/
The Scientist,Coldplay,11/4/2002,no,yes,no,no,yes,no,no,no,no,no,no,no,no,no,no,yes,no,yes,no,no,no,no,no,no,no,no,no,no,no,no,no,no,no,no,no,no,no,https://www.evernote.com/shard/s3/nl/584496/bf96dec0-b645-49de-8740-13f9f8da5510/
Viva La Vida,Coldplay,5/25/2008,no,yes,yes,no,no,no,no,no,no,no,no,no,no,yes,no,yes,no,yes,no,no,no,no,no,no,no,no,no,no,no,no,no,no,no,no,no,no,no,https://www.evernote.com/shard/s3/nl/584496/e4a1230a-bc42-4cad-a13f-22ec2be47d8f/
Yellow,Coldplay,6/26/2000,no,yes,no,no,yes,no,no,no,no,no,no,no,no,no,no,yes,no,yes,no,no,no,no,no,no,no,no,no,no,no,no,no,no,no,no,no,no,no,https://www.evernote.com/shard/s3/nl/584496/931a0375-3857-41fc-91f5-9c928bc42892/
Mr. Jones,Counting Crows,9/14/1993,no,yes,no,yes,no,no,no,no,no,no,no,no,no,no,no,yes,no,yes,no,no,no,no,no,no,no,no,no,no,no,no,no,no,no,no,no,no,no,https://www.evernote.com/shard/s3/nl/584496/5df71182-48c8-40fd-b243-d959028800db/
Round Here,Counting Crows,9/14/1993,no,yes,no,no,yes,no,no,no,no,no,no,no,no,no,no,yes,no,yes,no,no,no,no,no,no,no,no,no,no,no,no,no,no,no,no,no,no,no,https://www.evernote.com/shard/s3/nl/584496/238ebc29-6991-44f1-b2e5-afd0a459fd30/
Bad Moon Rising,Creedence Clearwater Revival,8/3/1969,no,yes,yes,no,no,yes,no,no,no,no,no,no,no,no,yes,yes,no,no,no,no,no,no,no,no,no,no,no,no,no,no,no,no,no,no,no,no,no,https://www.evernote.com/shard/s3/nl/584496/c6725a25-f083-4b34-9d2c-b1c74b6f1c97/
Fortunate Son,Creedence Clearwater Revival,9/1/1969,no,yes,yes,no,no,no,no,no,no,no,no,no,no,no,no,yes,no,no,no,no,no,no,no,no,no,no,no,no,no,no,no,no,no,no,no,no,no,https://www.evernote.com/shard/s3/nl/584496/16a6d862-5e06-4a6a-8a4d-9cc61c4881e7/
Have You Ever Seen The Rain,Creedence Clearwater Revival,12/7/1970,no,yes,no,yes,no,no,no,no,no,no,no,no,no,no,yes,yes,no,no,no,no,no,no,no,no,no,no,no,no,no,no,no,no,no,no,no,no,no,https://www.evernote.com/shard/s3/nl/584496/b84cba67-100d-43db-bf8d-f4ad283a7529/
Helplessley Hoping,Crosby Stills & Nash,5/29/1969,yes,yes,no,no,yes,no,no,no,no,no,no,no,yes,no,no,yes,no,no,no,no,no,no,no,no,no,no,no,no,no,no,no,no,no,no,no,no,no,https://www.evernote.com/shard/s3/nl/584496/7c4bffbe-0986-4972-b715-c6e574a94b00/
Our House,Crosby Stills & Nash,3/11/1970,yes,yes,no,yes,no,no,no,no,no,no,no,no,yes,no,yes,yes,no,no,no,no,no,no,no,no,no,no,no,no,no,no,no,no,no,no,no,no,no,https://www.evernote.com/shard/s3/nl/584496/d5296930-b2d8-4e71-af94-5907417a0958/
Southern Cross,Crosby Stills & Nash,6/21/1982,no,yes,no,no,yes,no,no,no,no,no,no,no,yes,no,no,yes,no,no,no,no,no,no,no,no,no,no,no,no,no,no,no,no,no,no,no,no,no,https://www.evernote.com/shard/s3/nl/584496/a6a437ad-18ba-4c8b-ba6b-96edb787231e/
Teach Your Children,Crosby Stills & Nash,3/11/1970,yes,yes,no,yes,no,no,no,no,no,no,no,no,yes,no,yes,yes,no,no,no,no,no,no,no,no,no,no,no,no,no,no,no,no,no,no,no,no,no,https://www.evernote.com/shard/s3/nl/584496/d9f15850-28ad-453a-901f-f9952c10adee/
Don't dream it's over,Crowded house,10/20/1986,no,yes,no,yes,no,no,no,no,no,no,no,no,no,yes,no,yes,no,no,no,no,no,no,no,no,no,no,no,no,no,no,no,no,no,no,no,no,no,no
Get Lucky,Daft Punk,4/19/2013,no,yes,yes,no,no,no,no,no,no,no,no,no,no,no,no,no,no,no,no,no,yes,no,no,no,no,no,no,yes,no,no,no,no,no,no,no,no,no,https://www.evernote.com/shard/s3/nl/584496/fdc3f780-1cef-4f4a-85a7-3074af08f78b/
Cannonball,Damien Rice,2/1/2002,no,yes,no,no,yes,no,no,no,no,no,no,no,yes,no,no,no,yes,no,no,no,no,no,yes,no,no,no,no,no,no,no,no,no,no,no,no,no,no,https://www.evernote.com/shard/s3/nl/584496/08686571-5991-40b4-81f3-505f531ae913/
Coconut Skins,Damien Rice,11/3/2006,yes,yes,yes,no,no,no,no,no,no,no,no,no,yes,no,no,no,yes,no,no,no,no,no,yes,no,no,no,no,no,no,no,no,no,no,no,no,no,no,https://www.evernote.com/shard/s3/nl/584496/e21c4fd1-7612-47a6-8463-0dd8b5aa6d8e/
Delicate,Damien Rice,2/1/2002,no,yes,no,no,yes,no,no,no,no,no,no,no,yes,no,no,no,yes,no,no,no,no,no,yes,no,no,no,no,no,no,no,no,no,no,no,no,no,no,https://www.evernote.com/shard/s3/nl/584496/77bb6b2b-b060-458c-a3af-7a0092630c0b/
Volcano,Damien Rice,2/1/2002,yes,yes,no,yes,no,no,no,no,no,no,no,no,yes,no,no,no,yes,no,no,no,no,no,yes,no,no,no,no,no,no,no,no,no,no,no,no,no,no,https://www.evernote.com/shard/s3/nl/584496/b949ac4a-ed7c-48b9-939d-da321a039758/
Clean Elvis,Dan Reeder,3/16/2004,yes,yes,no,no,yes,no,no,no,no,no,no,no,yes,no,no,no,no,no,no,no,no,no,no,no,no,no,no,no,no,no,no,no,no,yes,no,no,no,https://www.evernote.com/shard/s3/nl/584496/6d33b714-4067-4a63-b05e-a0766b5ff045/
Hands Down,Dashboard Confessional,8/12/2003,no,yes,yes,yes,no,no,yes,no,no,no,no,no,no,no,no,yes,no,yes,no,no,no,yes,no,no,no,no,no,no,no,no,no,no,no,no,no,no,no,https://www.evernote.com/shard/s3/nl/584496/02d0b769-683a-46d9-804a-b11fc549ff31/
Ants Marching,Dave Matthews Band,9/27/1994,no,yes,yes,no,no,yes,no,no,no,no,no,no,no,no,no,yes,no,yes,no,no,no,no,no,no,no,no,no,no,no,no,no,no,no,no,no,yes,no,https://www.evernote.com/shard/s3/nl/584496/25b19bc7-c8d5-4e29-a75a-a354e50ab870/
Crash Into Me,Dave Matthews Band,4/30/1996,no,yes,no,yes,no,no,yes,no,no,no,no,no,no,no,no,yes,no,yes,no,no,no,no,no,no,no,no,no,no,no,no,no,no,no,no,no,no,no,https://www.evernote.com/shard/s3/nl/584496/85ecc0a8-3605-4bf4-99ff-1b6c93ac594e/
Grey Street,Dave Matthews Band,7/16/2002,no,yes,yes,no,no,no,no,no,no,no,no,no,no,no,no,yes,no,yes,no,no,no,no,no,no,no,no,no,no,no,no,no,no,no,no,no,yes,no,https://www.evernote.com/shard/s3/nl/584496/9b3aa20f-078c-43e0-b4e9-48b432939406/
Lie In Our Graves,Dave Matthews Band,4/30/1996,no,yes,yes,no,no,no,no,no,no,no,no,no,no,no,no,yes,no,yes,no,no,no,no,no,no,no,no,no,no,no,no,no,no,no,no,no,yes,no,https://www.evernote.com/shard/s3/nl/584496/02feb553-05fc-48a8-a55f-1889e02f343b/
Satellite,Dave Matthews Band,9/27/1994,no,yes,no,yes,no,no,no,no,no,no,no,no,no,no,no,yes,no,yes,no,no,no,no,no,no,no,no,no,no,no,no,no,no,no,no,no,no,no,https://www.evernote.com/shard/s3/nl/584496/710f92c4-69ab-4ce5-8ecd-764ac84c04d1/
So Much To Say,Dave Matthews Band,4/30/1996,no,yes,yes,no,no,no,no,no,no,no,no,no,no,no,no,yes,no,yes,no,no,no,no,no,no,no,no,no,no,no,no,no,no,no,no,no,yes,no,https://www.evernote.com/shard/s3/nl/584496/1a4e7d02-90b8-4892-8832-c5176cbe9612/
Tripping Billies,Dave Matthews Band,4/30/1996,no,yes,yes,no,no,no,no,no,no,no,no,no,no,no,no,yes,no,yes,no,no,no,no,no,no,no,no,no,no,no,no,no,no,no,no,no,yes,no,https://www.evernote.com/shard/s3/nl/584496/4b9a51e6-d5c1-4545-9747-a952bc31d9b4/
You and Me,Dave Matthews Band,8/24/2009,no,yes,no,no,no,no,yes,no,yes,no,no,no,no,no,no,yes,no,yes,no,no,no,no,no,no,no,no,no,no,no,no,no,no,no,no,no,no,no,https://www.evernote.com/shard/s3/nl/584496/916fdf31-6f46-49f9-a3f2-baea2b52851e/
Babylon,David Gray,7/12/1999,no,yes,no,yes,no,no,no,no,no,no,no,no,yes,no,no,yes,no,yes,no,no,no,no,no,no,no,no,no,no,no,no,no,no,no,no,no,no,no,https://www.evernote.com/shard/s3/nl/584496/22264200-cbb1-4f57-bdc8-86ec0a84a9cb/
This Year's Love,David Gray,3/8/1999,no,yes,no,no,yes,no,yes,no,no,no,no,no,yes,no,no,no,no,no,no,no,no,no,no,no,no,no,no,no,no,no,no,no,no,no,no,no,no,https://www.evernote.com/shard/s3/nl/584496/6b276e03-3a2a-4e3a-bd76-e4a9eb8dd45b/
That's Amore,Dean Martin,11/7/1953,no,yes,no,yes,no,yes,yes,no,no,no,no,no,no,yes,no,no,no,no,no,no,no,no,no,no,no,no,no,no,no,no,no,no,no,no,no,no,no,https://www.evernote.com/shard/s3/nl/584496/4cf0727a-277b-43fb-8e00-a6e67329e137/
I Will Follow You Into The Dark,Death Cab For Cutie,6/26/2006,no,yes,no,no,yes,no,yes,no,no,no,no,no,no,no,no,yes,yes,no,no,no,no,no,yes,no,no,no,no,no,no,no,no,no,no,no,no,no,no,https://www.evernote.com/shard/s3/nl/584496/13eaf2dd-eafb-43e4-847c-1630cb5651c6/
"Stay Young, Go Dancing",Death Cab for Cutie,9/26/2011,yes,yes,no,yes,no,no,yes,no,yes,yes,no,no,no,no,no,yes,yes,yes,no,no,no,no,no,no,no,no,no,no,no,no,no,no,no,no,no,no,no,no
Say You Do,Dierks Bentley,10/6/2014,no,yes,no,yes,no,no,yes,no,no,yes,no,no,no,no,yes,no,no,no,no,no,no,no,no,no,no,no,no,no,no,no,no,no,no,no,no,no,no,https://www.evernote.com/shard/s3/nl/584496/925a4ca3-8116-4f13-9c4e-47c5f46ee026/
Out Loud,Dispatch,9/1/1997,yes,yes,no,no,yes,no,yes,no,no,yes,no,no,no,no,no,yes,no,no,no,no,no,no,no,no,no,no,no,no,no,no,no,no,no,no,no,yes,no,https://www.evernote.com/shard/s3/nl/584496/31544f7b-3864-4938-8a82-ca545f838235/
The General,Dispatch,9/1/1997,yes,yes,yes,no,no,no,no,no,no,no,no,no,no,no,no,yes,no,no,no,no,no,no,no,no,no,no,no,no,no,no,no,no,no,no,no,yes,no,https://www.evernote.com/shard/s3/nl/584496/370d4a18-b109-4a98-be9e-1447f40cd4a1/
Two Coins,Dispatch,9/1/1997,yes,yes,no,yes,no,no,no,no,no,no,no,no,no,no,no,yes,no,no,no,no,no,no,no,no,no,no,no,no,no,no,no,no,no,no,no,yes,no,https://www.evernote.com/shard/s3/nl/584496/82fe00c0-bc03-45b6-a930-45340e5ad90b/
I'm the One,DJ Khaled,4/28/2017,no,yes,yes,yes,no,no,no,no,no,no,no,no,no,yes,no,no,no,no,no,no,no,no,no,no,no,no,no,no,no,no,no,no,yes,no,no,no,no,https://www.evernote.com/shard/s3/nl/584496/8037c0e2-d970-4bda-9495-d778edceb2d4/
Drift Away,Dobie Gray,2/1/1973,yes,yes,yes,yes,no,yes,no,no,no,no,no,no,no,no,no,yes,no,no,no,no,no,no,no,no,no,no,no,no,no,no,no,no,no,no,no,no,no,https://www.evernote.com/shard/s3/nl/584496/2fbccadc-2cda-416c-b27d-3c44c66ba3e6/
One Dance,Drake,4/5/2016,no,yes,no,yes,no,no,no,no,no,no,no,no,no,yes,no,no,no,no,no,yes,no,no,no,no,no,no,no,no,no,no,no,no,no,no,no,no,no,https://www.evernote.com/shard/s3/nl/584496/f1023978-011f-42fa-a09b-edf185d4a291/
Hotel California,Eagles,12/8/1976,no,yes,no,yes,no,yes,no,no,no,no,no,no,no,no,no,yes,no,no,no,no,no,no,no,no,no,no,no,no,no,no,no,no,no,no,no,no,no,https://www.evernote.com/shard/s3/nl/584496/c006dcc2-4613-43dd-9312-03750c19f10b/
Peaceful Easy Feeling,Eagles,12/1/1972,no,yes,no,yes,no,no,yes,yes,no,no,no,no,no,no,yes,yes,no,no,no,no,no,no,no,no,no,no,no,no,no,no,no,no,no,no,no,no,no,https://www.evernote.com/shard/s3/nl/584496/a955f320-d623-4bff-8235-afbf815b50a8/
Take It Easy,Eagles,5/1/1972,no,yes,yes,no,no,no,no,no,no,no,no,no,no,no,yes,yes,no,no,no,no,no,no,no,no,no,no,no,no,no,no,no,no,no,no,no,no,no,https://www.evernote.com/shard/s3/nl/584496/04ace719-66e5-4594-8359-20aa5e974e53/
Castle on the Hill,Ed Sheeran,1/6/2017,no,yes,yes,yes,no,no,no,no,no,no,no,no,yes,yes,no,no,no,no,no,no,no,no,no,no,no,no,no,no,no,no,no,no,no,no,no,no,no,https://www.evernote.com/shard/s3/nl/584496/d5022f60-01c0-43ca-8929-1779294a3685/
I don't care,Ed Sheeran,5/10/2019,no,yes,no,yes,no,no,yes,no,no,no,no,no,no,yes,no,no,no,no,no,no,no,no,no,no,no,no,no,no,no,no,no,no,no,no,no,no,no,no
Perfect,Ed Sheeran,9/26/2017,no,yes,no,no,yes,no,yes,yes,no,yes,no,no,no,yes,no,no,no,no,no,no,no,no,no,no,no,no,no,no,no,no,no,no,no,no,no,no,no,https://www.evernote.com/shard/s3/nl/584496/fc7d3e28-cd5d-4015-bd77-ff50d92b1945/
Shape of You,Ed Sheeran,1/6/2017,no,yes,yes,no,no,no,yes,no,no,no,no,no,no,yes,no,no,no,no,no,no,no,no,no,no,no,no,no,no,no,no,no,no,no,no,no,no,no,https://www.evernote.com/shard/s3/nl/584496/7996276b-c1c1-4d5a-9455-586b5994a6e5/
Thinking Out Loud,Ed Sheeran,7/1/2014,no,yes,no,no,yes,no,yes,yes,no,no,no,no,no,no,no,yes,no,no,no,yes,no,no,no,no,no,no,no,no,no,no,no,no,no,no,no,no,no,https://www.evernote.com/shard/s3/nl/584496/e81f8f02-0be1-4e69-ae06-6c68a5ffc8c6/
Hard Sun,Eddie Vedder,9/18/2007,no,yes,no,yes,no,no,no,no,no,no,no,no,yes,no,no,yes,no,no,no,no,no,no,no,no,no,no,no,no,no,no,no,no,no,no,no,no,no,https://www.evernote.com/shard/s3/nl/584496/847e2dc6-252e-4310-a4f7-8b5cfe018941/
Society,Eddie Vedder,9/18/2007,no,yes,no,yes,no,no,no,no,no,no,no,no,yes,no,no,yes,no,no,no,no,no,no,no,no,no,no,no,no,no,no,no,no,no,no,no,no,no,https://www.evernote.com/shard/s3/nl/584496/10bcbf19-6bc0-4d42-a6da-5a332ce26b9f/
That's What's Up,Edward Sharpe & the Magnetic Zeros,5/9/2012,yes,yes,no,yes,no,no,yes,no,yes,no,no,no,yes,no,no,no,yes,no,no,no,no,no,no,no,no,no,no,no,no,no,no,no,no,no,no,no,no,https://www.evernote.com/shard/s3/nl/584496/59dd998c-c264-48ec-8942-67744a895c3a/
Angeles,Elliott Smith,2/25/1997,no,yes,no,yes,yes,no,no,no,no,no,no,no,yes,no,no,no,yes,no,no,no,no,no,no,no,no,no,no,no,no,no,no,no,no,no,no,no,no,https://www.evernote.com/shard/s3/nl/584496/d208c065-ace9-444d-a15b-70118cfe0964/
Between The Bars,Elliott Smith,2/25/1997,no,yes,no,no,yes,no,no,no,no,no,no,no,yes,no,no,no,yes,no,no,no,no,no,no,no,no,no,no,no,no,no,no,no,no,no,no,no,no,https://www.evernote.com/shard/s3/nl/584496/95bbbcc4-384c-476c-9c18-7666293a5b34/
Miss Misery,Elliott Smith,12/7/1997,no,yes,no,no,yes,no,no,no,no,no,no,no,yes,no,no,no,yes,no,no,no,no,no,no,no,no,no,no,no,no,no,no,no,no,no,no,no,no,https://www.evernote.com/shard/s3/nl/584496/a2efc5b5-2640-4ea7-90db-432c09a1de0f/
Mona Lisas & Mad Hatters,Elton John,5/19/1972,no,yes,no,yes,no,no,no,no,no,no,no,no,no,no,no,yes,no,no,no,no,no,no,no,no,no,no,no,no,no,no,no,no,no,no,no,no,no,https://www.evernote.com/shard/s3/nl/584496/4b7fb913-0a59-4b06-9f53-8f95856ca82e/
Rocket Man,Elton John,4/14/1972,no,yes,no,yes,no,yes,no,no,no,no,no,no,no,yes,no,yes,no,no,no,no,no,no,no,no,no,no,no,no,no,no,no,no,no,no,no,no,no,https://www.evernote.com/shard/s3/nl/584496/6e348bb3-a996-4f1c-83ce-cbae825265ea/
Tiny Dancer,Elton John,2/7/1972,no,yes,no,yes,no,no,yes,no,no,no,no,no,no,yes,no,no,no,no,no,no,no,no,no,no,no,no,no,no,no,no,no,no,no,no,no,no,no,https://www.evernote.com/shard/s3/nl/584496/87a787c9-6a3e-4617-a008-d6d8c9f3dc52/
Your Song,Elton John,10/26/1970,no,yes,no,no,yes,no,yes,no,no,yes,no,no,no,yes,no,no,no,no,no,no,no,no,no,no,no,no,no,no,no,no,no,no,no,no,no,no,no,https://www.evernote.com/shard/s3/nl/584496/10cb5ba9-5cb7-4053-aa09-95b85096e131/
Can't Help Falling In Love,Elvis Presley,10/1/1961,no,yes,no,no,yes,no,yes,yes,no,yes,no,no,no,yes,no,no,no,no,no,no,no,no,no,no,no,no,no,no,no,no,no,no,no,no,no,no,no,https://www.evernote.com/shard/s3/nl/584496/68b23d91-27ea-4e86-8070-34476332ad65/
Hero,Family of the Year,1/1/2012,no,yes,no,yes,no,no,no,no,no,no,no,no,no,yes,no,no,yes,no,no,no,no,no,no,no,no,no,no,no,no,no,no,no,no,no,no,no,no,https://www.evernote.com/shard/s3/nl/584496/d4af416d-6799-40c2-afca-b2aeea8fa772/
Dreams,Fleetwood Mac,3/24/1977,no,yes,no,yes,no,no,no,no,no,no,no,no,no,no,no,yes,no,no,no,no,no,no,no,no,no,no,no,no,no,no,no,no,no,no,no,no,no,no
Go Your Own Way,Fleetwood Mac,1/1/1977,no,yes,yes,no,no,yes,no,no,no,no,no,no,no,no,no,yes,no,no,no,no,no,no,no,no,no,no,no,no,no,no,no,no,no,no,no,no,no,https://www.evernote.com/shard/s3/nl/584496/5058186c-7851-4301-99a9-0b5ba63debbf/
Landslide,Fleetwood Mac,7/11/1975,no,yes,no,no,yes,no,no,no,no,no,no,no,yes,no,no,yes,no,no,no,no,no,no,no,no,no,no,no,no,no,no,no,no,no,no,no,no,no,https://www.evernote.com/shard/s3/nl/584496/f03694cf-af63-496e-8d28-1cdcf0163750/
Everlong,Foo Fighters,8/18/1997,no,yes,no,yes,no,no,yes,no,no,no,no,no,no,no,no,yes,no,yes,no,no,no,no,no,no,no,no,no,no,no,no,no,no,no,no,no,no,no,https://www.evernote.com/shard/s3/nl/584496/76e2bf03-0142-471d-8291-9f6bd793ec70/
Pumped Up Kicks,Foster The People,9/14/2010,yes,yes,yes,no,no,no,no,no,no,no,no,no,no,yes,no,yes,yes,yes,no,no,no,no,no,no,no,no,no,no,no,no,no,no,no,no,no,no,no,https://www.evernote.com/shard/s3/nl/584496/adc73788-22ca-4130-b8ee-95afd5cf3413/
Build Me Up Buttercup,Foundations,12/1/1968,no,yes,yes,no,no,yes,no,no,no,no,no,no,no,yes,no,no,no,no,no,yes,no,no,no,no,no,no,no,no,no,no,no,no,no,no,no,no,no,https://www.evernote.com/shard/s3/nl/584496/bb78c343-541a-4579-9873-f953ef92a7cc/
Fly Me To The Moon,Frank Sinatra,8/1/1964,no,yes,no,yes,no,no,no,no,no,no,no,no,no,yes,no,no,no,no,no,no,no,no,no,no,no,no,yes,no,no,no,no,no,no,no,no,no,no,https://www.evernote.com/shard/s3/nl/584496/c700777e-d5d1-4cbd-b491-9dc5ecb1771f/
Summer Wind,Frank Sinatra,1/1/1965,no,yes,no,yes,no,no,no,no,no,no,no,no,no,yes,no,no,no,no,no,no,no,no,no,no,no,no,no,no,no,no,no,no,no,no,no,no,no,https://www.evernote.com/shard/s3/nl/584496/6f939242-fd4e-456b-85a5-a0177f7dacdb/
The Way You Look Tonight,Frank Sinatra,1/1/1964,no,yes,no,yes,yes,no,yes,no,no,yes,yes,yes,no,yes,no,no,no,no,no,no,no,no,no,no,no,no,yes,no,no,no,no,no,no,no,no,no,no,https://www.evernote.com/shard/s3/nl/584496/be1c2819-ab51-4713-9d25-ca097b6b52d3/
Can't Take My Eyes Off You,Frankie Valli,5/1/1967,no,yes,yes,yes,no,yes,yes,no,no,yes,no,no,no,yes,no,yes,no,no,no,no,no,no,no,no,no,no,no,no,no,no,no,no,no,no,no,no,no,https://www.evernote.com/shard/s3/nl/584496/da6cea56-d0f3-481c-a8d6-d1c1df6d4638/
Friends In Low Places,Garth Brooks,8/6/1990,no,yes,yes,yes,no,no,no,no,no,no,no,no,no,no,yes,no,no,no,no,no,no,no,no,no,no,no,no,no,no,no,no,no,no,no,no,no,no,https://www.evernote.com/shard/s3/nl/584496/d0ea444b-dfc2-45c8-abc0-cbab2c347958/
Budapest,George Ezra,1/1/2013,yes,yes,no,yes,no,no,yes,no,no,yes,no,no,yes,no,no,yes,no,no,no,no,no,no,no,no,no,no,no,no,no,no,no,no,no,no,no,no,no,no
Faith,George Michael,10/12/1987,no,yes,yes,no,no,no,no,no,no,no,no,no,no,yes,no,yes,no,no,no,no,no,no,no,no,no,no,no,no,no,no,no,no,no,no,no,no,no,https://www.evernote.com/shard/s3/nl/584496/c107f22b-ae85-4d61-97e1-0ceee95bf459/
I Will Survive,Gloria Gaynor,10/23/1978,no,yes,yes,no,no,yes,no,no,no,no,no,no,no,yes,no,no,no,no,no,no,no,no,no,no,no,no,no,yes,no,no,no,no,no,no,no,no,no,https://www.evernote.com/shard/s3/nl/584496/2682da94-6d24-411e-b9d9-14c69fe031ee/
Crazy,Gnarls Barkley,4/24/2006,no,yes,yes,yes,no,no,no,no,no,no,no,no,no,no,no,yes,no,yes,no,yes,no,no,no,no,no,no,no,no,no,no,no,no,no,no,no,no,no,https://www.evernote.com/shard/s3/nl/584496/fd4fdc30-1b74-4018-9733-7a6a10436351/
Somebody That I Used To Know,Goyte,7/5/2011,no,yes,yes,no,no,no,no,no,no,no,no,no,no,yes,no,no,yes,no,no,no,no,no,no,no,no,no,no,no,no,no,no,no,no,no,no,no,no,https://www.evernote.com/shard/s3/nl/584496/741a1031-8eb3-4565-9dda-1f8bbee63ff8/
Casey Jones,Grateful Dead,6/14/1970,no,yes,no,yes,no,no,no,no,no,no,no,no,yes,no,no,yes,no,no,no,no,no,no,no,no,no,no,no,no,no,no,no,no,no,no,no,no,no,no
Friend Of The Devil,Grateful Dead,11/1/1970,no,yes,no,yes,no,no,no,no,no,no,no,no,yes,no,no,yes,no,no,no,no,no,no,no,no,no,no,no,no,no,no,no,no,no,no,no,no,no,https://www.evernote.com/shard/s3/nl/584496/026fd972-4e08-4ea9-a367-b118d20d8a81/
Ripple,Grateful Dead,11/1/1970,no,yes,no,yes,no,no,no,no,no,no,no,no,yes,no,no,yes,no,no,no,no,no,no,no,no,no,no,no,no,no,no,no,no,no,no,no,no,no,https://www.evernote.com/shard/s3/nl/584496/1d90fffb-3234-4ec3-bc78-55efcde72184/
Uncle John's Band,Grateful Dead,6/14/1970,no,yes,yes,no,no,yes,no,no,no,no,no,no,yes,no,no,yes,no,no,no,no,no,no,no,no,no,no,no,no,no,no,no,no,no,no,no,no,no,https://www.evernote.com/shard/s3/nl/584496/feb1fb01-a6a7-446e-b3fc-95944ce3090b/
Basket Case,Green Day,11/29/1994,no,yes,yes,no,no,yes,no,no,no,no,no,no,no,yes,no,yes,no,no,no,no,no,yes,no,no,no,no,no,no,no,no,no,no,no,no,no,no,no,https://www.evernote.com/shard/s3/nl/584496/df4898e6-4857-4faa-a2fc-4f050ca325bf/
Good Riddance (Time of your life),Green Day,10/7/1997,no,yes,no,yes,no,no,no,no,no,no,no,no,no,no,no,yes,no,no,no,no,no,no,yes,no,no,no,no,no,no,no,no,no,no,no,no,no,no,https://www.evernote.com/shard/s3/nl/584496/d055b019-ba9c-470e-8536-a5159f520efd/
3:00 AM,Gregory Alan Isakov,1/1/2007,no,yes,no,no,yes,no,no,no,no,no,no,no,yes,no,no,no,no,no,no,no,no,no,no,no,no,no,no,no,no,no,no,no,no,no,no,no,no,https://www.evernote.com/shard/s3/nl/584496/9b2fa24f-11d3-4626-84e7-0e269416d54d/
Saint Valentine,Gregory Alan Isakov,1/1/2013,yes,yes,no,yes,no,no,no,no,no,no,no,no,yes,no,no,no,no,yes,no,no,no,no,no,no,no,no,no,no,no,no,no,no,no,no,no,no,no,https://www.evernote.com/shard/s3/nl/584496/3a3a658d-bc0c-4c08-947e-2b234489babd/
Suitcase Full of Sparks,Gregory Alan Isakov,1/1/2013,no,yes,no,no,no,no,no,no,no,no,no,no,yes,no,no,no,no,no,no,no,no,no,no,no,no,no,no,no,no,no,no,no,no,no,no,no,no,https://www.evernote.com/shard/s3/nl/584496/e46cfcf2-07b1-4eba-9a5d-67d9e537fd5d/
Happier,Guster,9/28/1999,no,yes,yes,no,no,no,no,no,no,no,no,no,no,no,no,yes,no,no,no,no,no,no,no,no,no,no,no,no,no,no,no,no,no,no,no,no,no,https://www.evernote.com/shard/s3/nl/584496/d21dc505-5d0a-4b46-a98f-435f7657d6ae/
Rich Girl,Hall & Oates,1/22/1977,no,yes,yes,no,no,no,no,no,no,no,no,no,no,no,no,yes,no,no,no,yes,no,no,no,no,no,no,no,no,no,no,no,no,no,no,no,no,no,https://www.evernote.com/shard/s3/nl/584496/6781d3a8-444b-4b1e-8f41-8769db31f2d3/
Jamaica Farewell,Harry Belafonte,1/1/1957,no,yes,no,yes,no,no,no,no,no,no,no,no,yes,no,no,no,no,no,yes,no,no,no,no,no,no,no,no,no,no,no,no,no,no,no,no,no,no,https://www.evernote.com/shard/s3/nl/584496/040edccf-92ad-404b-9a0e-4de74dcdc124/
From Eden,Hozier,9/19/2014,yes,yes,no,yes,no,no,no,no,no,no,no,no,no,no,no,yes,yes,no,no,yes,no,no,no,no,no,no,no,no,no,no,no,no,no,no,no,no,no,https://www.evernote.com/shard/s3/nl/584496/629c0b5a-b669-471e-8cf9-fdc5c51cabd3/
Like Real People Do,Hozier,1/1/2013,yes,yes,no,no,yes,no,yes,no,no,no,no,no,no,yes,no,yes,no,no,no,yes,no,no,no,no,no,yes,no,no,no,no,no,no,no,no,no,no,no,https://www.evernote.com/shard/s3/nl/584496/8756e204-ab52-4b66-928c-8a09ec47d56a/
Someone New,Hozier,9/19/2014,yes,yes,no,yes,no,no,no,no,no,no,no,no,no,yes,no,yes,no,no,no,yes,no,no,no,no,no,yes,no,no,no,no,no,no,no,no,no,no,no,https://www.evernote.com/shard/s3/nl/584496/9cbe3289-edc0-4d90-9fab-fd2ebab6536c/
Take Me To Church,Hozier,1/1/2013,no,yes,yes,yes,no,no,no,no,no,no,no,no,no,yes,no,yes,no,no,no,yes,no,no,no,no,no,yes,no,no,no,no,no,no,no,no,no,no,no,https://www.evernote.com/shard/s3/nl/584496/3ff76b2f-b0d4-4798-8725-565866490123/
Believer,Imagine Dragons,2/1/2017,no,yes,no,yes,no,no,no,no,no,no,no,no,no,yes,no,yes,no,no,no,no,no,no,no,no,no,no,no,no,no,no,no,no,no,no,no,no,no,https://www.evernote.com/shard/s3/nl/584496/cffd5566-15af-4650-9d34-bb012194fa20/
Demons,Imagine Dragons,9/4/2012,no,yes,no,yes,no,no,no,no,no,no,no,no,no,no,no,yes,yes,no,no,no,no,no,no,no,no,no,no,no,no,no,no,no,no,no,no,no,no,https://www.evernote.com/shard/s3/nl/584496/2c542b62-ed60-46ea-8d3b-bacb58955137/
On Top Of The World,Imagine Dragons,9/4/2012,no,yes,yes,no,no,yes,no,no,yes,no,no,no,no,no,no,yes,yes,yes,no,no,no,no,no,no,no,no,no,no,no,no,no,no,no,no,no,no,no,https://www.evernote.com/shard/s3/nl/584496/8bc0be20-8584-4a50-9598-b9424fe78e3e/
Radioactive,Imagine Dragons,9/4/2012,no,yes,yes,yes,no,no,no,no,no,no,no,no,no,no,no,yes,yes,yes,no,no,no,no,no,no,no,no,no,no,no,no,no,no,no,no,no,no,no,https://www.evernote.com/shard/s3/nl/584496/588be180-687f-47af-9064-6d4ad3c0f030/
Thunder,Imagine Dragons,4/27/2017,no,yes,no,yes,no,no,no,no,no,no,no,no,no,yes,no,no,no,no,no,no,no,no,no,no,no,no,no,no,no,no,no,no,no,no,no,no,no,https://www.evernote.com/shard/s3/nl/584496/01ccb74f-cd13-4cc1-a84c-383454bc4608/
Closer To Fine,Indigo Girls,2/28/1989,no,yes,yes,no,no,yes,no,no,no,no,no,no,yes,no,no,yes,no,no,no,no,no,no,no,no,no,no,no,no,no,no,no,no,no,no,no,no,no,https://www.evernote.com/shard/s3/nl/584496/af08e780-7457-4646-82fb-fb8bf37c535a/
Galileo,Indigo Girls,5/12/1992,no,yes,yes,no,no,yes,no,no,no,no,no,no,yes,no,no,yes,no,no,no,no,no,no,no,no,no,no,no,no,no,no,no,no,no,no,no,no,no,https://www.evernote.com/shard/s3/nl/584496/83b1fcd2-ddeb-4e5a-b79d-2a94ea2de05c/
Such Great Heights,Iron and Wine,1/21/2003,no,yes,no,no,yes,no,yes,no,no,yes,no,no,yes,no,no,no,yes,no,no,no,no,no,no,no,no,no,no,no,no,no,no,no,no,no,no,no,no,https://www.evernote.com/shard/s3/nl/584496/2dc5c154-2d64-497b-9917-6ad59336dc0d/
Somewhere over the Rainbow/What a Wonderful World,Iz,11/1/1993,no,yes,no,yes,yes,no,yes,yes,yes,yes,no,no,yes,no,no,no,no,no,yes,no,no,no,no,no,no,no,no,no,no,no,no,no,no,no,no,no,no,https://www.evernote.com/shard/s3/nl/584496/df34adb1-d5bd-4f03-ab09-5d963b23f8cb/
Angel,Jack Johnson,2/1/2008,no,yes,no,no,yes,no,yes,yes,no,yes,no,no,yes,no,no,yes,no,no,no,no,no,no,no,no,no,no,no,no,no,no,no,no,no,no,no,no,no,https://www.evernote.com/shard/s3/nl/584496/7cfc2dee-e976-467a-8c00-0fd77338a546/
Banana Pancakes,Jack Johnson,3/1/2005,no,yes,yes,yes,no,no,no,no,no,no,no,no,yes,no,no,yes,no,no,no,no,no,no,yes,no,no,no,no,no,no,no,no,no,no,no,no,no,no,https://www.evernote.com/shard/s3/nl/584496/6c5ab51c-7d82-4f2d-ade1-b06f32dc12f0/
Better Together,Jack Johnson,3/1/2005,no,yes,no,yes,no,no,yes,no,no,yes,no,no,yes,no,no,yes,no,no,no,no,no,no,yes,no,no,no,no,no,no,no,no,no,no,no,no,no,no,https://www.evernote.com/shard/s3/nl/584496/777e1df4-5050-4ebb-86b1-37242370a68e/
Bubbly Toes,Jack Johnson,2/1/2001,no,yes,yes,no,no,no,no,no,no,no,no,no,yes,no,no,yes,no,no,no,no,no,no,yes,no,no,no,no,no,no,no,no,no,no,no,no,no,no,https://www.evernote.com/shard/s3/nl/584496/4141a77b-11e5-478b-9b71-ccd279798a48/
Flake,Jack Johnson,2/1/2001,no,yes,yes,no,no,no,no,no,no,no,no,no,yes,no,no,yes,no,no,no,no,no,no,yes,no,no,no,no,no,no,no,no,no,no,no,no,no,no,https://www.evernote.com/shard/s3/nl/584496/85af1fc7-3711-4157-93c4-ae4b4301e56c/
Gone,Jack Johnson,5/6/2003,no,yes,no,yes,no,no,no,no,no,no,no,no,yes,no,no,yes,no,no,no,no,no,no,yes,no,no,no,no,no,no,no,no,no,no,no,no,no,no,https://www.evernote.com/shard/s3/nl/584496/3d6479b8-6b87-4ce6-8d8f-8ab9e038ee1c/
I got you,Jack Johnson,6/10/2013,no,yes,no,yes,yes,no,yes,no,no,yes,no,no,no,no,no,yes,no,no,no,no,no,no,no,no,no,no,no,no,no,no,no,no,no,no,no,no,no,no
Rodeo Clowns,Jack Johnson,5/6/2003,yes,yes,yes,no,no,no,no,no,no,no,no,no,yes,no,no,yes,no,no,no,no,no,no,yes,no,no,no,no,no,no,no,no,no,no,no,no,no,no,https://www.evernote.com/shard/s3/nl/584496/b8f434bd-e2da-4dcd-9c35-350bbdf9fb17/
Upside Down,Jack Johnson,2/24/2006,no,yes,no,no,no,no,no,no,no,no,no,no,yes,no,no,yes,no,no,no,no,no,no,yes,no,no,no,no,no,no,no,no,no,no,no,no,no,no,https://www.evernote.com/shard/s3/nl/584496/cd32c699-556f-44ee-b127-897216eb259e/
You and Your Heart,Jack Johnson,6/1/2010,no,yes,yes,no,no,no,no,no,no,no,no,no,yes,no,no,yes,no,no,no,no,no,no,yes,no,no,no,no,no,no,no,no,no,no,no,no,no,no,https://www.evernote.com/shard/s3/nl/584496/8643b1c2-d4ee-4120-b71b-86d614e9127b/
Somebody's Baby,Jackson Browne,7/1/1982,no,yes,yes,yes,no,no,yes,no,no,no,no,no,no,no,no,yes,no,no,no,no,no,no,no,no,no,no,no,no,no,no,no,no,no,no,no,no,no,https://www.evernote.com/shard/s3/nl/584496/5400f456-c722-449a-8d82-207880006ea9/
Stay,Jackson Browne,1/1/1978,no,yes,no,yes,no,no,no,no,no,no,no,no,no,yes,no,no,no,no,no,no,no,no,no,no,no,no,no,no,no,no,no,no,no,no,no,no,no,https://www.evernote.com/shard/s3/nl/584496/47e14f5a-a8b5-4d78-9934-74bf85294cfe/
These days,Jackson Browne,10/1/1967,no,yes,no,no,yes,no,no,no,no,no,no,no,yes,yes,no,no,no,no,no,no,no,no,no,no,no,no,no,no,no,no,no,no,no,no,no,no,no,no
Bonfire Heart,James Blunt,10/6/2013,no,yes,no,yes,no,no,yes,no,no,no,no,no,yes,yes,no,yes,no,no,no,no,no,no,no,no,no,no,no,no,no,no,no,no,no,no,no,no,no,https://www.evernote.com/shard/s3/nl/584496/aaf45973-c274-46c2-ac83-7e6dd1a77c0f/
Carolina In My Mind,James Taylor,12/6/1968,yes,yes,no,yes,yes,yes,no,no,no,no,no,no,yes,no,no,yes,no,no,no,no,no,no,no,no,no,no,no,no,no,no,no,no,no,no,no,no,no,https://www.evernote.com/shard/s3/nl/584496/27b55cf2-9170-44cf-a444-7fb9b0ef7a1b/
Fire and Rain,James Taylor,2/1/1970,no,yes,no,yes,no,yes,no,no,no,no,no,no,yes,no,no,yes,no,no,no,no,no,no,no,no,no,no,no,no,no,no,no,no,no,no,no,no,no,https://www.evernote.com/shard/s3/nl/584496/ad915fe2-ae1b-43e9-b8a5-06ecb53d72d2/
How Sweet It Is (To Be Loved By You),James Taylor,5/1/1975,no,yes,yes,no,no,no,yes,no,no,no,no,no,yes,yes,no,no,no,no,no,yes,no,no,no,no,no,no,no,no,no,no,no,no,no,no,no,no,no,https://www.evernote.com/shard/s3/nl/584496/048b0b53-fd8c-4e4d-bb83-450f77aea343/
Something In The Way She Moves,James Taylor,12/6/1968,no,yes,no,yes,yes,no,yes,yes,no,yes,no,no,yes,no,no,yes,no,no,no,no,no,no,no,no,no,no,no,no,no,no,no,no,no,no,no,no,no,https://www.evernote.com/shard/s3/nl/584496/02696d81-2450-4c67-bcc0-63468cb3c9a7/
Sweet Baby James,James Taylor,2/1/1970,no,yes,no,no,yes,no,no,no,no,no,no,no,yes,no,yes,yes,no,no,no,no,no,no,no,no,no,no,no,no,no,no,no,no,no,no,no,no,no,https://www.evernote.com/shard/s3/nl/584496/89ae4861-734c-49b6-b82c-97f9d7e9e707/
You've got a friend,James Taylor,4/1/1971,no,yes,no,no,yes,no,no,no,no,no,no,no,no,yes,no,yes,no,no,no,no,no,no,no,no,no,no,no,no,no,no,no,no,no,no,no,no,no,no
Something to love,Jason Isbell,1/1/2013,no,yes,no,yes,no,no,yes,no,no,no,yes,yes,yes,no,no,no,no,no,no,no,no,no,no,no,no,no,no,no,no,no,no,no,no,no,no,no,no,no
Curbside Prophet,Jason Mraz,10/15/2002,no,yes,yes,no,no,no,no,no,no,no,no,no,no,yes,no,yes,no,no,no,no,no,no,no,no,no,no,no,no,no,no,no,no,no,no,no,no,no,https://www.evernote.com/shard/s3/nl/584496/5b8af1aa-6ac5-4ad4-9183-ba4c2751c31f/
I Won't Give Up,Jason Mraz,4/13/2012,yes,yes,no,no,yes,no,yes,yes,no,no,no,no,no,yes,no,yes,no,yes,no,no,no,no,no,no,no,no,no,no,no,no,no,no,no,no,no,no,no,https://www.evernote.com/shard/s3/nl/584496/3d285736-b0d6-4d9a-87fd-16171316ce22/
I'm Yours,Jason Mraz,5/13/2008,yes,yes,yes,yes,no,yes,yes,no,yes,no,no,no,no,yes,no,yes,no,no,no,no,no,no,no,no,no,no,no,no,no,no,no,no,no,no,no,no,no,https://www.evernote.com/shard/s3/nl/584496/d5a5f621-68cc-4c38-96ee-c4fcde6f8589/
Living In The Moment,Jason Mraz,4/13/2012,no,yes,yes,no,no,no,no,no,no,no,no,no,no,yes,no,yes,no,no,no,no,no,no,no,no,no,no,no,no,no,no,no,no,no,no,no,no,no,https://www.evernote.com/shard/s3/nl/584496/9046502e-6674-4fbe-a816-ec0acb6189d4/
Love Someone,Jason Mraz,7/11/2014,no,yes,no,yes,no,no,yes,no,no,no,no,no,no,yes,no,yes,no,no,no,no,no,no,no,no,no,no,no,no,no,no,no,no,no,no,no,no,no,https://www.evernote.com/shard/s3/nl/584496/80646605-5c2c-4227-a4c9-580ac5fd0bbd/
Lucky (feat. Colbie Caillat),Jason Mraz,5/13/2008,yes,yes,no,yes,no,no,yes,no,no,yes,no,no,no,yes,no,yes,no,no,no,no,no,no,no,no,no,no,no,no,no,no,no,no,no,no,no,no,no,https://www.evernote.com/shard/s3/nl/584496/fc49f304-b0ec-41a7-8fc9-6e24d9dfb928/
Unlonely,Jason Mraz,8/10/2018,no,yes,yes,no,no,no,yes,no,no,no,no,no,no,yes,no,yes,no,no,no,no,no,no,no,no,no,no,no,no,no,no,no,no,no,no,no,no,no,https://www.evernote.com/shard/s3/nl/584496/6fef7623-0ade-4759-82cd-aab782abe860/
Mr. Bojangles,Jerry Jeff Walker,2/1/1970,no,yes,no,yes,no,no,no,no,no,no,no,no,yes,no,yes,no,no,no,no,no,no,no,no,no,no,no,no,no,no,no,no,no,no,no,no,no,no,https://www.evernote.com/shard/s3/nl/584496/cc2fbdaf-2632-40f5-a9f6-fac5233f03e4/
I'll have to say I love you in a song,Jim Croce,3/1/1974,no,yes,no,yes,no,no,yes,yes,no,no,no,no,yes,no,no,yes,no,no,no,no,no,no,no,no,no,no,no,no,no,no,no,no,no,no,no,no,no,no
Margaritaville,Jimmy Buffett,2/14/1977,no,yes,yes,no,no,yes,no,no,no,no,no,no,no,no,yes,no,no,no,no,no,no,no,no,no,no,no,no,no,no,no,no,no,no,no,no,no,no,https://www.evernote.com/shard/s3/nl/584496/ea37092d-698d-446e-a583-42cd1d07cdd0/
Jack & Diane,John Cougar Mellencamp,7/1/1982,no,yes,no,yes,no,yes,no,no,no,no,no,no,no,no,no,yes,no,no,no,no,no,no,no,no,no,no,no,no,no,no,no,no,no,no,no,no,no,https://www.evernote.com/shard/s3/nl/584496/2bcc9761-d3fe-4ddc-a7b5-2cac9a7181ab/
Annie's song,John Denver,6/1/1974,no,yes,no,yes,no,no,yes,no,no,no,no,no,yes,no,yes,no,no,no,no,no,no,no,no,no,no,no,no,no,no,no,no,no,no,no,no,no,no,no
Take Me Home Country Roads,John Denver,4/12/1971,yes,yes,no,yes,no,yes,no,no,no,no,no,no,yes,yes,yes,no,no,no,no,no,no,no,no,no,no,no,no,no,no,no,no,no,no,no,no,no,no,https://www.evernote.com/shard/s3/nl/584496/6300e8b9-4b7b-457c-b150-bb734b7a62a8/
All of me,John Legend,8/12/2013,no,yes,no,no,yes,no,yes,no,no,yes,no,no,no,no,no,no,no,no,no,yes,no,no,no,yes,no,no,no,no,no,no,no,no,no,no,no,no,no,https://www.evernote.com/shard/s3/nl/584496/6dfdad4a-c008-43e0-a74c-89ac34e5cbbf/
Imagine,John Lennon,10/11/1971,no,yes,no,yes,yes,no,no,no,no,no,no,no,no,no,no,yes,no,no,no,no,no,no,no,no,no,no,no,no,no,no,no,no,no,no,no,no,no,https://www.evernote.com/shard/s3/nl/584496/2cf36b03-da59-4b2b-8702-7f83ba47cb6f/
Gravity,John Mayer,9/12/2006,no,yes,no,no,yes,no,no,no,no,no,no,no,no,yes,no,yes,no,no,no,no,no,no,no,no,no,yes,no,no,no,no,no,no,no,no,no,no,no,https://www.evernote.com/shard/s3/nl/584496/a00e6cf1-de16-4072-86f5-0892f29fefb7/
Queen of California,John Mayer,8/13/2012,yes,yes,yes,no,no,no,no,no,no,no,no,no,no,no,yes,yes,no,no,no,no,no,no,no,no,no,no,no,no,no,no,no,no,no,no,no,no,no,no
XO (Beyonce Song),John Mayer,12/16/2013,no,yes,no,yes,no,no,yes,yes,no,no,no,no,no,yes,no,yes,no,no,no,no,no,no,no,yes,no,no,no,no,no,no,no,no,no,no,no,no,no,no
Folsom Prison Blues,Johnny Cash,12/15/1955,no,yes,yes,no,no,no,no,no,no,no,no,no,yes,no,yes,no,no,no,no,no,no,no,no,no,no,no,no,no,no,no,no,no,no,no,no,no,no,https://www.evernote.com/shard/s3/nl/584496/b1e5860f-011a-4c54-b5f3-c106aa939a8a/
I Walk the Line,Johnny Cash,5/1/1956,no,yes,no,yes,no,no,no,no,no,no,no,no,no,no,yes,no,no,no,no,no,no,no,no,no,no,no,no,no,no,no,no,no,no,no,no,no,no,https://www.evernote.com/shard/s3/nl/584496/a8e9387e-c3c9-453c-b805-add15f0a70d4/
Ring Of Fire,Johnny Cash,4/19/1963,no,yes,no,yes,no,yes,no,no,no,no,no,no,no,no,yes,yes,no,no,no,no,no,no,no,no,no,no,no,no,no,no,no,no,no,no,no,no,no,https://www.evernote.com/shard/s3/nl/584496/4bdf8a4f-85eb-4ec0-a5ec-60df0618dc30/
All Time Low,Jon Bellion,5/13/2016,no,yes,no,yes,no,no,no,no,no,no,no,no,no,no,no,no,no,yes,no,yes,no,no,no,no,no,no,no,no,no,no,no,no,yes,no,no,no,no,https://www.evernote.com/shard/s3/nl/584496/f990e61e-9ce4-4cce-a07d-51ea58c3368d/
Rise (feat. Jack & Jack),Jonas Blue,5/25/2018,no,yes,yes,no,no,no,no,no,no,no,no,no,no,yes,no,no,no,no,no,no,no,no,no,no,no,no,no,no,no,no,no,no,no,no,no,no,no,https://www.evernote.com/shard/s3/nl/584496/1e1826db-7b9e-41e6-a7dc-401d95e49e80/
Cool,Jonas Brothers,4/5/2019,no,yes,yes,no,no,no,no,no,no,no,no,no,no,yes,no,no,no,no,no,no,no,no,no,no,no,no,no,no,no,no,no,no,no,no,no,no,no,no
Heartbeats,Jose Gonzalez,10/29/2003,no,yes,no,yes,yes,no,no,no,no,no,no,no,yes,no,no,no,yes,no,no,no,no,no,no,no,no,no,no,no,no,no,no,no,no,no,no,no,no,https://www.evernote.com/shard/s3/nl/584496/251f62c2-3f29-44e5-b426-eb934180e6e1/
Star Mile,Joshua Radin,6/13/2006,yes,yes,no,no,yes,no,no,no,no,no,no,no,yes,no,no,no,no,no,no,no,no,no,yes,no,no,no,no,no,no,no,no,no,no,no,no,no,no,https://www.evernote.com/shard/s3/nl/584496/fc4019ec-f349-4258-8875-4ce133f0f59b/
You Got Growin Up To Do,Joshua Radin,1/1/2008,yes,yes,no,yes,no,no,no,no,no,no,no,no,yes,no,no,no,no,no,no,no,no,no,yes,no,no,no,no,no,no,no,no,no,no,no,no,no,no,https://www.evernote.com/shard/s3/nl/584496/32c5bdbd-7010-4fc2-af48-6540a7370873/
Don't Stop Believin',Journey,6/3/1981,no,yes,yes,no,no,yes,no,no,no,no,no,no,no,no,no,yes,no,no,no,no,no,no,no,no,no,no,no,no,no,no,no,no,no,no,no,no,no,https://www.evernote.com/shard/s3/nl/584496/3a342640-b803-45a0-8126-d804b063657d/
Take It All Back,Judah & the Lion,8/9/2016,no,yes,no,yes,no,no,no,no,no,no,no,no,yes,no,no,yes,no,no,no,no,no,no,no,no,no,no,no,no,no,no,no,no,yes,no,no,no,no,https://www.evernote.com/shard/s3/nl/584496/3d85819f-90c9-422a-b5fc-6e1799ac69e1/
Girl,Jukebox the Ghost,1/1/2015,no,yes,yes,yes,no,no,no,no,no,no,no,no,no,yes,no,yes,no,yes,no,no,no,no,no,no,no,no,no,no,no,no,no,no,no,no,no,no,no,https://www.evernote.com/shard/s3/nl/584496/2183cf43-e207-4eff-8910-8eed94bfa151/
Love Yourself,Justin Bieber,11/9/2015,no,yes,no,yes,no,no,no,no,no,no,no,no,no,yes,no,no,no,no,no,no,no,no,no,no,no,no,no,no,no,no,no,no,no,no,no,no,no,https://www.evernote.com/shard/s3/nl/584496/20625cd2-a75b-4bb8-94fb-ff3c3330bb87/
Follow Your Arrow,Kacey Musgraves,10/21/2013,no,yes,no,yes,no,no,no,no,no,no,no,no,no,no,yes,no,no,no,no,no,no,no,no,no,no,no,no,no,no,no,no,no,no,no,no,no,no,https://www.evernote.com/shard/s3/nl/584496/f128c33c-abef-4d6f-ba55-819dd092b3f6/
Golden Hour,Kacey Musgraves,3/30/2018,no,yes,no,yes,no,no,yes,no,no,yes,no,no,no,yes,yes,no,no,no,no,no,no,no,no,no,no,no,no,no,no,no,no,no,no,no,no,no,no,no
Merry Go 'Round,Kacey Musgraves,9/10/2012,no,yes,no,yes,yes,no,no,no,no,no,no,no,no,no,yes,no,no,no,no,no,no,no,no,no,no,no,no,no,no,no,no,no,no,no,no,no,no,https://www.evernote.com/shard/s3/nl/584496/629f077f-0228-4f96-be2e-728f89a8fefc/
Rainbow,Kacey Musgraves,2/11/2019,yes,yes,no,yes,yes,no,no,no,no,no,yes,no,no,no,yes,no,no,no,no,no,no,no,no,no,no,no,no,no,no,no,no,no,no,no,no,no,no,no
Danny's Song,Kenny Loggins,11/1/1971,yes,yes,no,yes,no,no,no,no,no,no,no,no,yes,no,no,yes,no,no,no,no,no,no,no,no,no,no,no,no,no,no,no,no,no,no,no,no,no,https://www.evernote.com/shard/s3/nl/584496/19f35ece-ea3c-438d-8247-1071912dcb46/
The Gambler,Kenny Rogers,11/15/1978,no,yes,no,yes,no,yes,no,no,no,no,no,no,no,no,yes,no,no,no,no,no,no,no,no,no,no,no,no,no,no,no,no,no,no,no,no,no,no,https://www.evernote.com/shard/s3/nl/584496/30570944-bb37-4f89-997c-16ea42ca8eb1/
Pursuit of Happiness,Kid Cudi,1/25/2010,no,yes,no,yes,no,no,no,no,no,no,no,no,no,no,no,no,no,yes,no,no,no,no,no,no,no,no,no,no,no,no,no,no,yes,no,no,no,no,https://www.evernote.com/shard/s3/nl/584496/7917fbc0-89d3-40e4-8ad6-6a85d8793639/
Mr. Brightside,Killers,6/7/2004,no,yes,yes,no,no,no,no,no,no,no,no,no,no,no,no,yes,yes,no,no,no,no,yes,no,no,no,no,no,no,no,no,no,no,no,no,no,no,no,https://www.evernote.com/shard/s3/nl/584496/80d13a23-1758-4f08-bd5e-2b0439a96847/
Dancing In The Moonlight,King Harvest,7/9/1972,no,yes,no,yes,no,no,no,no,no,no,no,no,no,yes,no,yes,no,no,no,no,no,no,no,no,no,no,no,no,no,no,no,no,no,no,no,no,no,https://www.evernote.com/shard/s3/nl/584496/4dfa2705-57c8-48d5-b239-7c1c05dfcfe9/
Shallow (feat. Bradley Cooper),Lady Gaga,9/27/2018,no,yes,no,yes,no,yes,yes,no,no,no,no,no,yes,yes,yes,no,no,no,no,no,no,no,no,no,no,no,no,no,no,no,no,no,no,no,no,no,no,https://www.evernote.com/shard/s3/nl/584496/cdb4f69e-ec03-4b5a-b70d-d41b62e56e21/
Greatest Love Story,Lanco,3/6/2017,no,yes,no,yes,no,no,yes,no,no,yes,no,no,no,no,yes,no,no,no,no,no,no,no,no,no,no,no,no,no,no,no,no,no,no,no,no,no,no,https://www.evernote.com/shard/s3/nl/584496/f27be692-eac9-4622-bc48-64c778a305dc/
Thank You,Led Zeppelin,10/1/1969,no,yes,no,yes,yes,no,yes,yes,no,no,no,no,yes,no,no,yes,no,no,no,no,no,no,no,no,no,no,no,no,no,no,no,no,no,no,no,no,no,https://www.evernote.com/shard/s3/nl/584496/374d3783-4795-4005-aac3-44d7795852a1/
Beyond,Leon Bridges,5/4/2018,no,yes,no,yes,no,no,yes,no,no,no,no,no,no,yes,no,no,no,no,no,yes,no,no,no,no,no,no,no,no,no,no,no,no,no,no,no,no,no,https://www.evernote.com/shard/s3/nl/584496/fbedb2a3-4a7c-4853-bb2e-1c6819343961/
Hallelujah,Leonard Cohen,12/1/1984,no,yes,no,no,yes,no,no,no,no,no,no,no,yes,no,no,yes,no,no,no,no,no,no,no,no,no,no,no,no,no,no,no,no,no,no,no,no,no,https://www.evernote.com/shard/s3/nl/584496/a9b19dc8-9415-4d6e-ac5c-07cd719d2ea0/
Old town road (feat Billy Ray Cyrus),Lil Nas X,4/5/2019,no,yes,no,yes,no,no,no,no,no,no,no,no,no,no,yes,no,no,no,no,no,no,no,no,no,no,no,no,no,no,yes,no,no,no,no,no,no,no,no
Lightning Crashes,Live,9/24/1994,no,yes,no,yes,no,no,no,no,no,no,no,no,no,no,no,yes,no,yes,no,no,no,no,no,no,no,no,no,no,no,no,no,no,no,no,no,no,no,no
Royals,Lorde,6/3/2013,yes,yes,no,yes,no,no,no,no,no,no,no,no,no,yes,no,no,no,no,no,no,no,no,no,no,no,no,no,no,no,no,no,no,no,no,no,no,no,https://www.evernote.com/shard/s3/nl/584496/b603ac4b-10a6-4bf4-9be6-76f0726a7ab5/
Walk on the Wild Side,Lou Reed,11/8/1972,no,yes,no,yes,no,no,no,no,no,no,no,no,no,yes,no,yes,no,no,no,no,no,no,no,no,no,no,no,no,no,no,no,no,no,no,no,no,no,https://www.evernote.com/shard/s3/nl/584496/0e2596ce-ea1c-42e2-8858-8442786b725f/
What A Wonderful World,Louis Armstrong,10/18/1967,no,yes,no,yes,no,no,yes,yes,no,no,yes,yes,no,yes,no,no,no,no,no,no,no,no,no,no,no,no,no,no,no,no,no,no,no,no,no,no,no,https://www.evernote.com/shard/s3/nl/584496/a5474c76-a250-4c74-bdb3-2431b339a974/
Beautiful Crazy,Luke Combs,12/3/2018,no,yes,no,yes,no,no,yes,no,no,yes,no,no,no,no,yes,no,no,no,no,no,no,no,no,no,no,no,no,no,no,no,no,no,no,no,no,no,no,no
Big Parade,Lumineers,4/3/2012,yes,yes,yes,yes,no,no,no,no,yes,no,no,no,yes,no,no,yes,yes,no,no,no,no,no,no,no,no,no,no,no,no,no,no,no,no,no,no,no,no,https://www.evernote.com/shard/s3/nl/584496/b9abcba8-a22a-4ab5-bafd-35cab7c6b55d/
Cleopatra,Lumineers,3/25/2016,no,yes,no,yes,no,no,no,no,no,no,no,no,yes,no,no,yes,no,no,no,no,no,no,no,no,no,no,no,no,no,no,no,no,no,no,no,no,no,https://www.evernote.com/shard/s3/nl/584496/24b5c0b3-3506-47a7-abb6-b7f0533a65ae/
Flowers In Your Hair,Lumineers,4/3/2012,yes,yes,yes,no,no,no,no,no,no,no,no,no,yes,no,no,yes,yes,no,no,no,no,no,no,no,no,no,no,no,no,no,no,no,no,no,no,no,no,https://www.evernote.com/shard/s3/nl/584496/948afd53-800a-4f5b-b20b-18576746f470/
Ho! Hey!,Lumineers,4/3/2012,yes,yes,yes,no,no,yes,no,no,yes,no,no,no,yes,no,no,yes,yes,no,no,no,no,no,no,no,no,no,no,no,no,no,no,no,no,no,no,no,no,https://www.evernote.com/shard/s3/nl/584496/2d05a5ff-6fb9-4ce3-808f-6259bda7d9d8/
Stubborn Love,Lumineers,4/3/2012,no,yes,no,yes,no,no,yes,no,no,no,no,no,yes,no,no,yes,yes,no,no,no,no,no,no,no,no,no,no,no,no,no,no,no,no,no,no,no,no,https://www.evernote.com/shard/s3/nl/584496/bdbb488e-10c0-4cc9-a2d9-fd9b75f8ede2/
Simple Man,Lynyrd Skynyrd,4/30/1973,no,yes,no,yes,no,yes,no,no,no,no,no,yes,no,no,yes,yes,no,no,no,no,no,no,no,no,no,no,no,no,no,no,no,no,no,no,no,no,no,https://www.evernote.com/shard/s3/nl/584496/a0241b43-7129-4f7a-8089-728925c6af14/
Sweet Home Alabama,Lynyrd Skynyrd,6/24/1974,no,yes,yes,no,no,yes,no,no,no,no,no,no,no,no,yes,yes,no,no,no,no,no,no,no,no,no,no,no,no,no,no,no,no,no,no,no,no,no,https://www.evernote.com/shard/s3/nl/584496/a5bd81b1-3dc3-452b-9190-5f23a894f88d/
Rude,Magic,10/10/2013,no,yes,yes,no,no,no,no,no,no,no,no,no,no,yes,no,no,no,no,yes,no,no,no,no,no,no,no,no,no,no,no,no,no,no,no,no,no,no,https://www.evernote.com/shard/s3/nl/584496/5f366e91-a94b-4646-8175-009da1b28aa4/
California Dreamin',Mamas & Papas,12/8/1965,no,yes,yes,yes,no,no,no,no,no,no,no,no,no,yes,no,yes,no,no,no,no,no,no,no,no,no,no,no,no,no,no,no,no,no,no,no,no,no,no
Echo,Mandolin Orange,9/30/2016,yes,yes,no,no,yes,no,no,no,no,no,no,no,yes,no,no,no,no,no,no,no,no,no,no,no,no,no,no,no,no,no,no,no,no,no,no,no,no,https://www.evernote.com/shard/s3/nl/584496/4c62947d-6b6a-4b7b-a23f-a4dbaaac80ea/
Girls Like You,Maroon 5,5/30/2018,no,yes,yes,no,no,no,no,no,no,no,no,no,no,yes,no,yes,no,no,no,no,no,no,no,no,no,no,no,no,no,no,no,no,no,no,no,no,no,https://www.evernote.com/shard/s3/nl/584496/3f1cc831-ebee-4f15-b9ed-e48b493f9c44/
One More Night,Maroon 5,6/19/2012,no,yes,yes,no,no,no,no,no,no,no,no,no,no,yes,no,no,no,no,no,no,no,no,no,no,no,no,no,no,no,no,no,no,no,no,no,no,no,https://www.evernote.com/shard/s3/nl/584496/70e8552e-7470-416d-aadc-047294e0e068/
She Will Be Loved,Maroon 5,6/8/2004,no,yes,no,yes,no,no,yes,no,no,yes,no,no,no,yes,no,no,no,no,no,no,no,no,no,no,no,no,no,no,no,no,no,no,no,no,no,no,no,https://www.evernote.com/shard/s3/nl/584496/aed98088-49bd-4988-87e8-28bdcaff7e3d/
Sunday Morning,Maroon 5,11/8/2004,no,yes,no,yes,no,no,yes,no,no,no,no,no,no,yes,no,no,no,no,no,yes,no,no,no,no,no,no,no,no,no,no,no,no,no,no,no,no,no,https://www.evernote.com/shard/s3/nl/584496/7ad1c46e-9d40-4893-8c79-ceac3bb5a219/
This Love,Maroon 5,1/27/2004,no,yes,yes,no,no,yes,no,no,no,no,no,no,no,yes,no,yes,no,no,no,no,yes,no,no,no,no,no,no,no,no,no,no,no,no,no,no,no,no,https://www.evernote.com/shard/s3/nl/584496/7515d65b-1228-4545-96d3-b476815d36c5/
Heard It Through The Grapevine,Marvin Gaye,10/30/1968,yes,yes,no,yes,no,no,no,no,no,no,no,no,no,no,no,no,no,no,no,yes,no,no,no,no,no,no,no,no,no,no,no,no,no,no,no,no,no,https://www.evernote.com/shard/s3/nl/584496/39a80f0d-3784-4963-b0c5-91d6a1d8ad4a/
Sexual Healing,Marvin Gaye,9/30/1982,no,yes,no,yes,no,yes,no,no,no,no,no,no,no,no,no,no,no,no,no,yes,no,no,no,yes,no,no,no,no,no,no,no,no,no,no,no,no,no,https://www.evernote.com/shard/s3/nl/584496/228f8a7a-c1f3-4b35-8bd7-9d88c2870fc1/
Closer To Love,Mat Kearney,3/10/2009,no,yes,no,yes,no,no,yes,yes,yes,no,no,no,no,yes,no,no,no,no,no,no,no,no,no,no,no,no,no,no,no,no,no,no,no,no,no,no,no,https://www.evernote.com/shard/s3/nl/584496/da7325b4-6d8d-4425-ab59-0af7a64de969/
Wanted man,Mat Kearney,1/1/2018,no,yes,no,yes,no,no,yes,no,no,no,no,no,yes,no,no,yes,no,yes,no,no,no,no,no,no,no,no,no,no,no,no,no,no,no,no,no,no,no,no
Nothing Else Matters,Metallica,4/20/1992,no,yes,no,yes,no,yes,no,no,no,no,no,no,no,no,no,yes,no,no,no,no,no,no,no,no,no,no,no,no,no,no,no,no,no,no,no,no,no,https://www.evernote.com/shard/s3/nl/584496/964bf7e8-9f4d-4f1c-b848-1e24455e28ed/
Billie Jean,Michael Jackson,1/2/1983,no,yes,yes,no,no,yes,no,no,no,no,no,no,no,yes,no,no,no,no,no,no,yes,no,no,yes,no,no,no,yes,no,no,no,no,no,no,no,no,no,https://www.evernote.com/shard/s3/nl/584496/41353e5f-814b-4592-8097-c498b23846ac/
Cold little heart,Michael Kiwanuka,7/15/2016,no,yes,no,yes,no,no,no,no,no,no,no,no,yes,no,no,no,no,no,no,yes,no,no,no,no,no,no,no,no,no,no,no,no,no,no,no,no,no,no
Animal,Miike Snow,2/17/2009,no,yes,no,yes,no,no,no,no,no,no,no,no,no,yes,no,no,no,no,no,no,no,no,no,no,no,no,no,no,no,no,no,no,no,no,no,no,no,https://www.evernote.com/shard/s3/nl/584496/e012704b-8a84-4d2a-a9aa-068f761da12c/
Lay Here,Mulligan Brothers,1/1/2013,no,yes,no,yes,no,no,yes,no,no,no,no,no,no,no,yes,no,no,no,no,no,no,no,no,no,no,no,no,no,no,no,no,no,no,no,no,no,no,https://www.evernote.com/shard/s3/nl/584496/e45611d4-192b-407b-b39e-f171a6932814/
I Will Wait,Mumford and Sons,8/7/2012,no,yes,yes,no,no,no,no,no,no,no,no,no,yes,no,no,yes,yes,no,no,no,no,no,no,no,no,no,no,no,no,no,no,no,no,no,yes,no,no,https://www.evernote.com/shard/s3/nl/584496/1842e62b-ca2d-4fb6-bb65-25adfcffb07b/
Lover Of The Light,Mumford and Sons,11/5/2012,no,yes,yes,yes,no,no,no,no,no,no,no,no,yes,no,no,no,yes,no,no,no,no,no,no,no,no,no,no,no,no,no,no,no,no,no,yes,no,no,https://www.evernote.com/shard/s3/nl/584496/b799d709-17f0-4be5-9e01-685a88ad58ce/
I Need Never Get Old,Nathaniel Rateliff,8/21/2015,no,yes,yes,no,no,no,no,no,no,no,no,no,no,no,no,yes,no,no,no,yes,no,no,no,no,no,no,no,no,no,no,no,no,no,no,no,no,no,https://www.evernote.com/shard/s3/nl/584496/bcc77a90-396a-4c04-86a6-763f89b6ef11/
Sweet Caroline,Neil Diamond,9/16/1969,no,yes,no,yes,no,yes,no,no,no,no,no,no,no,no,no,yes,no,no,no,no,no,no,no,no,no,no,no,no,no,no,no,no,no,no,no,no,no,https://www.evernote.com/shard/s3/nl/584496/1739b7ec-c754-4b92-a320-ed23e4436cc2/
Harvest Moon,Neil Young,10/27/1992,no,yes,no,no,yes,no,yes,no,no,no,no,no,yes,no,yes,yes,no,no,no,no,no,no,no,no,no,no,no,no,no,no,no,no,no,no,no,no,no,https://www.evernote.com/shard/s3/nl/584496/3908d8b6-4bd0-4039-bef7-18a1eb217429/
Old Man,Neil Young,4/17/1972,no,yes,no,yes,no,no,no,no,no,no,no,no,yes,no,yes,yes,no,no,no,no,no,no,no,no,no,no,no,no,no,no,no,no,no,no,no,no,no,https://www.evernote.com/shard/s3/nl/584496/28990677-5c85-4692-8ea2-88b300c298eb/
In the Aeroplane Over the Sea,Neutral Milk Hotel,2/10/1998,no,yes,no,yes,no,no,no,no,no,no,no,no,yes,no,no,no,yes,no,no,no,no,no,no,no,no,no,no,no,no,no,no,no,no,no,no,no,no,https://www.evernote.com/shard/s3/nl/584496/5ec6026e-8eaf-46b9-81c4-df13e71ae2bf/
Cucurucu,Nick Mulvey,3/3/2014,yes,yes,yes,yes,no,no,no,no,no,no,no,no,yes,no,no,no,yes,no,no,no,no,no,no,no,no,no,no,no,no,no,no,no,no,no,no,no,no,https://www.evernote.com/shard/s3/nl/584496/1da15dfe-afe0-47d3-8d7c-2b8ff0bd0f72/
Come As You Are,Nirvana,3/2/1992,no,yes,no,yes,no,no,no,no,no,no,no,no,no,no,no,yes,no,yes,no,no,no,no,no,no,no,no,no,no,no,no,no,no,no,no,no,no,no,https://www.evernote.com/shard/s3/nl/584496/5beee4f9-0659-4f4d-a7f1-d7c0c49089e8/
In Bloom,Nirvana,11/30/1992,no,yes,no,yes,no,no,no,no,no,no,no,no,no,no,no,yes,no,yes,no,no,no,no,no,no,no,no,no,no,no,no,no,no,no,no,no,no,no,https://www.evernote.com/shard/s3/nl/584496/b7ea21b7-76f3-4350-ad1a-396faf2cd136/
Lithium,Nirvana,7/13/1992,no,yes,no,yes,no,no,no,no,no,no,no,no,no,no,no,yes,no,yes,no,no,no,no,no,no,no,no,no,no,no,no,no,no,no,no,no,no,no,no
Smells Like Teen Spirit,Nirvana,9/10/1991,no,yes,yes,yes,no,yes,no,no,no,no,no,no,no,no,no,no,no,yes,no,no,no,no,no,no,no,no,no,no,no,no,no,no,no,no,no,no,no,https://www.evernote.com/shard/s3/nl/584496/3c3fdeb1-a89a-4758-aff5-cdb08572d009/
That Was A Crazy Game Of Poker,O.A.R.,11/29/1997,no,yes,yes,no,no,yes,no,no,no,no,no,no,no,no,no,yes,no,no,no,no,no,no,no,no,no,no,no,no,no,no,no,no,no,no,no,yes,no,https://www.evernote.com/shard/s3/nl/584496/c73b6b4d-2351-4a35-8190-5defb44d454e/
Don't Look Back In Anger,Oasis,10/2/1995,no,yes,no,yes,no,no,no,no,no,no,no,no,no,yes,no,yes,no,no,no,no,no,no,no,no,no,no,no,no,no,no,no,no,no,no,no,no,no,https://www.evernote.com/shard/s3/nl/584496/8a7f4cff-7c92-4bfd-8a35-514d98704728/
Wonderwall,Oasis,10/2/1995,no,yes,no,yes,no,yes,no,no,no,no,no,no,no,yes,no,yes,no,no,no,no,no,no,no,no,no,no,no,no,no,no,no,no,no,no,no,no,no,https://www.evernote.com/shard/s3/nl/584496/ed52af39-eba8-4efe-9a84-d55ec483421b/
Wagon Wheel,Old Crow Medecine Show,2/24/2004,yes,yes,yes,yes,no,yes,no,no,no,no,no,no,yes,no,yes,no,no,no,no,no,no,no,no,no,no,no,no,no,no,no,no,no,no,no,yes,no,no,https://www.evernote.com/shard/s3/nl/584496/99ab4470-b0a4-4a17-9cb2-e7a3a8608fdd/
Cheerleader,Omi,5/19/2014,no,yes,yes,yes,no,no,no,no,no,no,no,no,no,yes,no,no,no,no,yes,no,no,no,no,no,no,no,no,no,no,no,no,no,no,no,no,no,no,https://www.evernote.com/shard/s3/nl/584496/3e9faf02-6945-45da-9556-68c6b9a69f54/
Counting Stars,One Republic,6/14/2013,yes,yes,yes,no,no,no,no,no,no,no,no,no,no,yes,no,yes,no,no,no,no,no,no,no,no,no,no,no,no,no,no,no,no,no,no,no,no,no,https://www.evernote.com/shard/s3/nl/584496/74413e5f-278a-4bd9-ad5f-3bd30e933ddb/
Sittin' on the Dock of the Bay,Otis Redding,1/8/1968,no,yes,no,no,yes,no,no,no,no,no,no,no,no,no,no,no,no,no,no,yes,no,no,no,no,no,yes,no,no,no,no,no,no,no,no,no,no,no,https://www.evernote.com/shard/s3/nl/584496/b3c335c3-fe79-4799-9414-820035cc3739/
Hey Ya,Outkast,9/9/2003,no,yes,no,yes,no,no,no,no,no,no,no,no,no,no,no,no,no,no,no,yes,no,no,no,no,no,no,no,no,no,no,no,no,no,no,no,no,no,https://www.evernote.com/shard/s3/nl/584496/c64bf8f5-7125-423a-8fa3-bd72f8c55853/
Bloom,Paper Kites,1/1/2013,no,yes,no,yes,no,no,yes,yes,no,yes,no,no,yes,no,no,no,yes,no,no,no,no,no,no,no,no,no,no,no,no,no,no,no,no,no,no,no,no,https://www.evernote.com/shard/s3/nl/584496/1f016d4c-fdf2-47ea-838b-ee520a1a7ac6/
Tenenbaum,Paper Kites,10/1/2013,no,yes,no,no,yes,no,yes,no,no,no,no,no,yes,no,no,no,yes,no,no,no,no,no,no,no,no,no,no,no,no,no,no,no,no,no,no,no,no,no
We Belong,Pat Benetar,10/16/1984,no,yes,no,yes,no,no,yes,no,no,no,no,no,no,no,no,yes,no,no,no,no,no,no,no,no,no,no,no,no,no,no,no,no,no,no,no,no,no,no
50 Ways to Leave Your Lover,Paul Simon,10/6/1975,no,yes,yes,yes,no,yes,no,no,no,no,no,no,no,no,no,yes,no,no,no,no,no,no,no,no,no,no,no,no,no,no,no,no,no,no,no,no,no,https://www.evernote.com/shard/s3/nl/584496/ae0e255f-2ec3-4f02-9f03-8df7ab4e55e0/
Graceland,Paul Simon,8/25/1986,no,yes,no,yes,no,no,no,no,no,no,no,no,yes,yes,no,no,no,no,no,no,no,no,no,no,no,no,no,no,yes,no,no,no,no,no,no,no,no,https://www.evernote.com/shard/s3/nl/584496/fad25e31-02f8-4be1-97f0-943b44dba3f7/
Kodachrome,Paul Simon,5/5/1973,no,yes,yes,no,no,no,no,no,no,no,no,no,no,yes,no,yes,no,no,no,no,no,no,no,no,no,no,no,no,no,no,no,no,no,no,no,no,no,https://www.evernote.com/shard/s3/nl/584496/8f1cb7b7-14ad-44b6-b086-13c62794fb07/
Me and Julio Down By The Schoolyard,Paul Simon,1/24/1972,no,yes,yes,no,no,no,no,no,no,no,no,no,yes,no,no,yes,no,no,no,no,no,no,no,no,no,no,no,no,no,no,no,no,no,no,no,no,no,https://www.evernote.com/shard/s3/nl/584496/aa410321-fd3a-4ac3-bcc0-a19771a5402f/
Still Crazy After All These Years,Paul Simon,10/6/1975,no,yes,no,no,yes,no,no,no,no,no,no,no,yes,no,no,yes,no,no,no,no,no,no,no,no,no,no,no,no,no,no,no,no,no,no,no,no,no,https://www.evernote.com/shard/s3/nl/584496/05690dbc-f2d8-4b36-8422-f2bd5fb86619/
You Can Call Me Al,Paul Simon,8/25/1986,no,yes,yes,no,no,yes,no,no,no,no,no,no,yes,no,no,yes,no,no,no,no,no,no,no,no,no,no,no,no,no,no,no,no,no,no,no,no,no,https://www.evernote.com/shard/s3/nl/584496/4151b42f-8c56-4838-8b2a-64d052febb5e/
Better Man,Pearl Jam,11/22/1994,no,yes,no,yes,no,yes,yes,no,no,no,no,no,no,no,no,no,no,yes,no,no,no,no,no,no,no,no,no,no,no,no,no,no,no,no,no,no,no,https://www.evernote.com/shard/s3/nl/584496/b79e4919-c679-41f2-9a31-54e62e8aac5d/
Elderly Woman Behind A Counter In A Small Town,Pearl Jam,10/19/1993,no,yes,no,yes,no,no,no,no,no,no,no,no,yes,no,no,yes,no,yes,no,no,no,no,no,no,no,no,no,no,no,no,no,no,no,no,no,no,no,https://www.evernote.com/shard/s3/nl/584496/c24f85bf-348e-4d44-8fcd-896a2eab4db1/
Just Breathe,Pearl Jam,10/31/2009,no,yes,no,yes,yes,no,no,no,no,no,no,no,yes,no,no,yes,no,no,no,no,no,no,no,no,no,no,no,no,no,no,no,no,no,no,no,no,no,https://www.evernote.com/shard/s3/nl/584496/6c465245-f6ac-4fcc-a7d8-5dc7f41dc6c3/
Nothingman,Pearl Jam,11/22/1994,no,yes,no,yes,no,no,no,no,no,no,no,no,no,no,no,yes,no,yes,no,no,no,no,no,no,no,no,no,no,no,no,no,no,no,no,no,no,no,https://www.evernote.com/shard/s3/nl/584496/aa8d1971-96e5-4805-b5c1-82f7e7334de5/
Wedding Song (There Is Love),Peter Paul & Mary,9/1/1972,no,yes,no,no,yes,no,yes,yes,no,yes,no,no,yes,no,no,no,no,no,no,no,no,no,no,no,no,no,no,no,no,no,no,no,no,no,no,no,no,https://www.evernote.com/shard/s3/nl/584496/9156d5ce-0bb7-4833-94a7-b0318b3714da/
Home,Phillip Phillips,11/19/2012,yes,yes,yes,no,no,no,no,no,no,no,no,no,no,yes,no,yes,no,no,no,no,no,no,no,no,no,no,no,no,no,no,no,no,no,no,no,no,no,https://www.evernote.com/shard/s3/nl/584496/b3351525-5fba-4564-89ee-d03ec3ebf06b/
Hey There Delilah,Plain White Ts,5/9/2006,yes,yes,no,yes,no,no,yes,no,no,no,no,no,no,yes,no,yes,yes,no,no,no,no,no,yes,no,no,no,no,no,no,no,no,no,no,no,no,no,no,https://www.evernote.com/shard/s3/nl/584496/136f5606-b99f-4ac1-b847-ce56bb5cbaa3/
Walking on the Moon,Police,11/4/1979,no,yes,yes,no,no,no,no,no,no,no,no,no,no,no,no,yes,no,no,yes,no,no,no,no,no,no,no,no,no,no,no,no,no,no,no,no,no,no,https://www.evernote.com/shard/s3/nl/584496/9bb58df7-780f-4474-ac82-b05b44be6851/
Circles,Post Malone,8/30/2019,no,yes,no,yes,no,no,no,no,no,no,no,no,no,yes,no,yes,no,no,no,no,no,no,no,no,no,no,no,no,no,no,no,no,yes,no,no,no,no,no
Sunflower,Post Malone,10/18/2018,no,yes,no,yes,no,no,yes,no,no,no,no,no,no,yes,no,no,no,no,no,no,no,no,no,no,no,no,no,no,no,no,no,no,no,no,no,no,no,https://www.evernote.com/shard/s3/nl/584496/fc453474-ec00-4cec-b9c5-413d7d7d7276/
Amie,Pure Prairie League,2/1/1973,no,yes,no,yes,no,yes,no,no,no,no,no,no,no,no,yes,yes,no,no,no,no,no,no,no,no,no,no,no,no,no,no,no,no,no,no,no,no,no,https://www.evernote.com/shard/s3/nl/584496/ce092b43-9273-42ca-b87a-79a7874afcca/
You're My Best Friend,Queen,5/18/1976,no,yes,no,yes,no,no,yes,yes,yes,yes,yes,yes,no,yes,no,no,no,no,no,no,no,no,no,no,no,no,no,no,no,no,no,no,no,no,no,no,no,https://www.evernote.com/shard/s3/nl/584496/e0399268-f662-430e-af4a-cea43a53e3d3/
Losing My Religion,R.E.M.,9/19/1991,no,yes,no,yes,no,no,no,no,no,no,no,no,no,no,no,yes,no,yes,no,no,no,no,no,no,no,no,no,no,no,no,no,no,no,no,no,no,no,https://www.evernote.com/shard/s3/nl/584496/5ecb880b-898e-4b17-99ad-026c07588f10/
Creep,Radiohead,9/21/1992,no,yes,no,no,yes,no,no,no,no,no,no,no,no,no,no,yes,no,yes,no,no,no,no,no,no,no,no,no,no,no,no,no,no,no,no,no,no,no,https://www.evernote.com/shard/s3/nl/584496/99855ce4-a7c7-4468-9058-60b38cd63a82/
Fake Plastic Trees,Radiohead,5/15/1995,no,yes,no,yes,no,no,no,no,no,no,no,no,no,no,no,yes,no,yes,no,no,no,no,no,no,no,no,no,no,no,no,no,no,no,no,no,no,no,https://www.evernote.com/shard/s3/nl/584496/387823ea-f393-449a-8c51-2128258c313f/
High and Dry,Radiohead,3/13/1995,yes,yes,no,yes,no,no,no,no,no,no,no,no,no,no,no,yes,no,yes,no,no,no,no,no,no,no,no,no,no,no,no,no,no,no,no,no,no,no,https://www.evernote.com/shard/s3/nl/584496/e7f6fc4c-fa8b-44f2-b654-f6f172c481d4/
Karma Police,Radiohead,8/25/1997,no,yes,no,yes,no,no,no,no,no,no,no,no,no,no,no,yes,no,yes,no,no,no,no,no,no,no,no,no,no,no,no,no,no,no,no,no,no,no,https://www.evernote.com/shard/s3/nl/584496/f4b3ee43-b01a-4d8e-91f1-e064642a32c0/
Human,Rag'n'Bone Man,7/21/2016,no,yes,yes,yes,no,no,no,no,no,no,no,no,no,no,no,yes,no,no,no,yes,no,no,no,yes,no,no,no,no,no,no,no,no,no,no,no,no,no,https://www.evernote.com/shard/s3/nl/584496/651c5629-f7bb-46c7-a021-c3387818baa4/
You Are The Best Thing,Ray LaMontagne,8/26/2008,yes,yes,no,yes,no,no,yes,no,yes,yes,no,no,yes,no,no,yes,no,no,no,no,no,no,no,no,no,no,no,no,no,no,no,no,no,no,no,no,no,https://www.evernote.com/shard/s3/nl/584496/014fb0ba-ba54-476d-a878-57b2bacaa19b/
Californication,Red Hot Chili Peppers,6/8/1999,no,yes,no,yes,no,no,no,no,no,no,no,no,no,no,no,yes,no,yes,no,no,yes,no,no,no,no,no,no,no,no,no,no,no,no,no,no,no,no,https://www.evernote.com/shard/s3/nl/584496/bad13f10-2cfb-4f9d-9767-63a10c7611af/
Killing Me Softly,Roberta Flack,1/21/1973,no,yes,no,no,yes,yes,no,no,no,no,no,no,no,no,no,no,no,no,no,yes,no,no,no,no,no,no,no,no,no,no,no,no,no,no,no,no,no,https://www.evernote.com/shard/s3/nl/584496/e391a6b7-329d-4093-baae-6a6044d72b3e/
Beast of Burden,Rolling Stones,9/19/1978,no,yes,yes,no,no,no,no,no,no,no,no,no,no,no,no,yes,no,no,no,no,no,no,no,no,no,no,no,no,no,no,no,no,no,no,no,no,no,no
Wild Horses,Rolling Stones,6/1/1971,no,yes,no,no,yes,yes,no,no,no,no,no,no,no,no,no,yes,no,no,no,no,no,no,no,no,no,no,no,no,no,no,no,no,no,no,no,no,no,https://www.evernote.com/shard/s3/nl/584496/327329b6-942a-418e-ac74-42283b30dd29/
Lucky Now,Ryan Adams,8/1/2011,no,yes,no,yes,yes,no,no,no,no,no,no,no,no,no,yes,no,no,yes,no,no,no,no,no,no,no,no,no,no,no,no,no,no,no,no,no,no,no,https://www.evernote.com/shard/s3/nl/584496/8ba8687a-9264-4cbc-baa7-b61d0b2b9970/
Too Good At Goodbyes,Sam Smith,9/8/2017,no,yes,no,yes,no,no,no,no,no,no,no,no,no,yes,no,no,no,no,no,no,no,no,no,no,no,no,no,no,no,no,no,no,no,no,no,no,no,https://www.evernote.com/shard/s3/nl/584496/f6ee8689-a939-4a82-8a71-d65c59836db0/
I Choose You,Sara Bareilles,7/12/2013,no,yes,no,yes,no,no,yes,yes,yes,no,no,no,no,yes,no,yes,no,no,no,yes,no,no,no,no,no,no,no,no,no,no,no,no,no,no,no,no,no,https://www.evernote.com/shard/s3/nl/584496/03d32cbe-662d-4c39-9bd5-dc82f7ce3bdb/
Summer Breeze,Seals & Croft,8/31/1972,no,yes,no,yes,no,no,no,no,no,no,no,no,no,no,no,yes,no,no,no,no,no,no,no,no,no,no,no,no,no,no,no,no,no,no,no,no,no,https://www.evernote.com/shard/s3/nl/584496/0e61ad6a-037b-445c-b25c-35bcfd0dccce/
New Slang,Shins,2/19/2001,no,yes,no,yes,yes,no,no,no,no,no,no,no,yes,no,no,no,no,no,no,no,no,no,no,no,no,no,no,no,no,no,no,no,no,no,no,no,no,https://www.evernote.com/shard/s3/nl/584496/3e86cd4e-66e5-47b5-bb1f-22b037fbd8c9/
Chandelier,Sia,3/17/2014,no,yes,no,yes,no,no,no,no,no,no,no,no,no,yes,no,no,no,no,no,no,no,no,no,no,no,no,no,no,no,no,no,no,no,no,no,no,no,no
Bridge Over Troubled Water,Simon & Garfunkel,1/1/1970,no,yes,no,no,yes,no,yes,no,no,no,no,no,yes,yes,no,no,no,no,no,no,no,no,no,no,no,no,no,no,no,no,no,no,no,no,no,no,no,https://www.evernote.com/shard/s3/nl/584496/ba44703d-f745-4776-913b-896ed49b7d48/
Cecilia,Simon & Garfunkel,1/26/1970,no,yes,yes,no,no,yes,no,no,no,no,no,no,yes,yes,no,yes,no,no,no,no,no,no,no,no,no,no,no,no,no,no,no,no,no,no,no,no,no,https://www.evernote.com/shard/s3/nl/584496/dd7c1ce9-fab6-49bd-833c-61206713c88a/
Homeward Bound,Simon & Garfunkel,1/19/1966,yes,yes,no,yes,yes,no,no,no,no,no,no,no,yes,no,no,yes,no,no,no,no,no,no,no,no,no,no,no,no,no,no,no,no,no,no,no,no,no,https://www.evernote.com/shard/s3/nl/584496/72ef14a9-89aa-470f-8287-3536cf78b9e7/
Mrs. Robinson,Simon & Garfunkel,4/5/1968,no,yes,yes,no,no,no,no,no,no,no,no,no,yes,yes,no,no,no,no,no,no,no,no,no,no,no,no,no,no,no,no,no,no,no,no,no,no,no,https://www.evernote.com/shard/s3/nl/584496/1dcc2af8-2583-4f44-928b-02af7f3f0122/
The 59th Street Bridge Song (Feelin' Groovy),Simon & Garfunkel,10/10/1966,yes,yes,no,yes,no,no,no,no,no,no,no,no,yes,no,no,yes,no,no,no,no,no,no,no,no,no,no,no,no,no,no,no,no,no,no,no,no,no,https://www.evernote.com/shard/s3/nl/584496/3f074b57-120b-47ec-a50a-46b9e60703eb/
The Boxer,Simon & Garfunkel,3/21/1969,yes,yes,no,yes,no,yes,no,no,no,no,no,no,yes,no,no,yes,no,no,no,no,no,no,no,no,no,no,no,no,no,no,no,no,no,no,no,no,no,https://www.evernote.com/shard/s3/nl/584496/ec05595d-d272-4a98-a1d7-46f886815fb6/
The Only Living Boy In New York,Simon & Garfunkel,1/26/1970,no,yes,no,no,yes,no,no,no,no,no,no,no,yes,no,no,yes,no,no,no,no,no,no,no,no,no,no,no,no,no,no,no,no,no,no,no,no,no,https://www.evernote.com/shard/s3/nl/584496/aeee18b0-f596-48ab-8b1e-12dc084c6c66/
1979,Smashing Pumpkins,1/23/1996,no,yes,no,yes,no,no,no,no,no,no,no,no,no,no,no,yes,no,yes,no,no,no,no,no,no,no,no,no,no,no,no,no,no,no,no,no,no,no,no
Feel Alright,Steve Earle,3/5/1996,no,yes,yes,no,no,no,no,no,no,no,no,no,no,no,yes,yes,no,yes,no,no,no,no,no,no,no,no,no,no,no,no,no,no,no,no,no,no,no,https://www.evernote.com/shard/s3/nl/584496/2f65c0ef-2d63-4ffc-ba16-5372a0f02b2e/
The Joker,Steve Miller Band,10/1/1973,no,yes,yes,no,no,yes,no,no,no,no,no,no,no,yes,no,yes,no,no,no,no,no,no,no,no,no,yes,no,no,no,no,no,no,no,no,no,no,no,https://www.evernote.com/shard/s3/nl/584496/9e2d58bd-e6ee-47af-bdb8-9fa9a6ec9b7b/
Isn't She Lovely,Stevie Wonder,9/28/1976,no,yes,no,yes,no,no,no,no,no,no,no,no,no,no,no,no,no,no,no,no,no,no,no,yes,no,no,no,no,no,no,no,no,no,no,no,no,no,https://www.evernote.com/shard/s3/nl/584496/410ccd97-60a6-4204-b9db-1bf930a2480e/
Fields of Gold,Sting,5/1/1993,no,yes,no,no,yes,no,yes,no,no,no,no,no,no,no,no,yes,no,no,no,no,no,no,no,no,no,no,no,no,no,no,no,no,no,no,no,no,no,https://www.evernote.com/shard/s3/nl/584496/0cb6241f-b516-47bf-93a3-17283a04743c/
Plush,Stone Temple Pilots,5/13/1993,no,yes,no,yes,no,no,no,no,no,no,no,no,no,no,no,no,no,yes,no,no,no,no,no,no,no,no,no,no,no,no,no,no,no,no,no,no,no,https://www.evernote.com/shard/s3/nl/584496/f2d6a538-8bdb-4955-abb8-f97015cac65f/
40 oz to Freedom,Sublime,6/1/1992,no,yes,yes,no,no,no,no,no,no,no,no,no,no,no,no,yes,no,yes,yes,no,no,yes,no,no,no,no,no,no,no,no,no,no,no,no,no,no,no,https://www.evernote.com/shard/s3/nl/584496/df4afa82-474f-47c0-b808-41d93ecb4ddb/
Badfish,Sublime,6/1/1992,no,yes,yes,yes,no,no,no,no,no,no,no,no,no,no,no,no,no,no,yes,no,no,yes,no,no,no,no,no,no,no,no,no,no,no,no,no,no,no,https://www.evernote.com/shard/s3/nl/584496/00cfeee0-5c67-458e-8e24-0a0deb610516/
Doin' Time,Sublime,11/25/1997,no,yes,yes,yes,no,no,no,no,no,no,no,no,no,no,no,no,no,yes,yes,yes,no,no,no,no,no,no,no,no,no,no,no,no,no,no,no,no,no,https://www.evernote.com/shard/s3/nl/584496/cd23b404-27b5-429a-8be7-a6dda34c1680/
Santeria,Sublime,7/30/1996,yes,yes,yes,no,no,no,no,no,no,no,no,no,no,no,no,yes,no,yes,yes,no,no,yes,no,no,no,no,no,no,no,no,no,no,no,no,no,no,no,https://www.evernote.com/shard/s3/nl/584496/782b4a15-71f7-404c-9ee1-1f1dd10b92db/
What I Got,Sublime,7/30/1996,no,yes,yes,yes,no,yes,no,no,no,no,no,no,no,no,no,yes,no,yes,yes,no,no,yes,no,no,no,no,no,no,no,no,no,no,no,no,no,no,no,https://www.evernote.com/shard/s3/nl/584496/d69f7ff3-b219-49db-af43-0f1bb2a955c2/
Sunday Best,Surfaces,1/6/2019,no,yes,yes,no,no,no,no,no,no,no,no,no,no,yes,no,no,no,no,yes,yes,no,no,no,no,no,no,no,no,no,no,no,no,no,no,no,no,no,no
This Must Be the Place (Naive Melody),Talking Heads,11/1/1983,no,yes,yes,no,no,no,no,no,no,no,no,no,no,no,no,yes,no,yes,no,no,no,no,no,no,no,no,no,no,no,no,no,no,no,no,no,no,no,https://www.evernote.com/shard/s3/nl/584496/d70bea4f-e80b-4b11-9161-41bad2d0278a/
The Dreamer,Tallest Man on Earth,9/6/2010,no,yes,no,yes,no,no,no,no,no,no,no,no,yes,no,no,no,no,no,no,no,no,no,no,no,no,no,no,no,no,no,no,no,no,no,no,no,no,https://www.evernote.com/shard/s3/nl/584496/069929dc-e4e6-4b9e-b1ea-fc313909d706/
Bad Blood,Taylor Swift,5/17/2015,no,yes,no,yes,no,no,no,no,no,no,no,no,no,yes,no,no,no,no,no,no,no,no,no,no,no,no,no,no,no,no,no,no,no,no,no,no,no,https://www.evernote.com/shard/s3/nl/584496/313a9697-924c-4ddb-a93b-c25adbe5dcc9/
My Girl,Temptations,12/21/1964,no,yes,no,yes,no,no,yes,no,no,no,yes,no,no,no,no,no,no,no,no,yes,no,no,no,yes,no,no,no,no,no,no,no,no,no,no,no,no,no,https://www.evernote.com/shard/s3/nl/584496/28478557-f425-437c-a72b-572e49dd69d6/
Semi-charmed Life,Third Eye Blind,6/17/1997,no,yes,yes,no,no,yes,no,no,no,no,no,no,no,yes,no,yes,no,yes,no,no,no,no,no,no,no,no,no,no,no,no,no,no,no,no,no,no,no,https://www.evernote.com/shard/s3/nl/584496/127dd9aa-1943-4ed8-ae58-9fb2c695a797/
Die A Happy Man,Thomas Rhett,9/28/2015,no,yes,no,yes,no,no,yes,yes,no,yes,no,no,no,yes,yes,no,no,no,no,no,no,no,no,no,no,no,no,no,no,no,no,no,no,no,no,no,no,https://www.evernote.com/shard/s3/nl/584496/0d064ef2-910a-4acc-81ff-d46d13ddcade/
Joy To The World,Three Dog Night,2/1/1971,no,yes,yes,no,no,yes,no,no,no,no,no,no,no,no,no,yes,no,no,no,no,no,no,no,no,no,no,no,no,no,no,no,no,no,no,no,no,no,https://www.evernote.com/shard/s3/nl/584496/0a3936b2-bff0-40c3-8fee-e9d4e417e9a3/
Humble and Kind,Tim McGraw,1/20/2016,no,yes,no,yes,yes,no,no,no,no,no,yes,yes,no,no,yes,no,no,no,no,no,no,no,no,no,no,no,no,no,no,no,no,no,no,no,no,no,no,https://www.evernote.com/shard/s3/nl/584496/dafae485-987f-4c59-b45e-13d7c8186c1e/
I Love This Bar,Toby Keith,8/18/2003,no,yes,no,yes,no,yes,no,no,no,no,no,no,no,no,yes,no,no,no,no,no,no,no,no,no,no,no,no,no,no,no,no,no,no,no,no,no,no,https://www.evernote.com/shard/s3/nl/584496/68cf96f3-fee5-456f-a3bf-ab89373691fa/
Red Solo Cup,Toby Keith,10/25/2011,no,yes,yes,yes,no,yes,no,no,no,no,no,no,no,no,yes,no,no,no,no,no,no,no,no,no,no,no,no,no,no,no,no,no,no,no,no,no,no,https://www.evernote.com/shard/s3/nl/584496/dc30179c-e546-4205-a8c4-1e4945206ad0/
American Girl,Tom Petty,2/1/1977,no,yes,yes,no,no,yes,no,no,no,no,no,no,no,no,no,yes,no,no,no,no,no,no,no,no,no,no,no,no,no,no,no,no,no,no,no,no,no,https://www.evernote.com/shard/s3/nl/584496/a3083080-cef6-45f4-896f-43f1afbdf587/
Free Fallin',Tom Petty,4/24/1989,no,yes,no,yes,no,yes,no,no,no,no,no,no,no,no,no,yes,no,no,no,no,no,no,no,no,no,no,no,no,no,no,no,no,no,no,no,no,no,https://www.evernote.com/shard/s3/nl/584496/393b8bc0-36ff-4290-8c3d-2a8c901fbd1e/
I Won't Back Down,Tom Petty,4/24/1989,no,yes,yes,no,no,yes,no,no,no,no,no,no,no,no,no,yes,no,no,no,no,no,no,no,no,no,no,no,no,no,no,no,no,no,no,no,no,no,https://www.evernote.com/shard/s3/nl/584496/5e0dae66-02e7-4125-965b-d2ed78d9c327/
Mary Jane's Last Dance,Tom Petty,11/16/1993,no,yes,yes,no,no,no,no,no,no,no,no,no,no,no,no,yes,no,no,no,no,no,no,no,no,no,yes,no,no,no,no,no,no,no,no,no,no,no,https://www.evernote.com/shard/s3/nl/584496/e65b9867-f097-473f-a7db-9f0c6686a658/
Time To Move On,Tom Petty,11/1/1994,no,yes,yes,yes,no,no,no,no,no,no,no,no,no,no,no,yes,no,no,no,no,no,no,no,no,no,no,no,no,no,no,no,no,no,no,no,no,no,https://www.evernote.com/shard/s3/nl/584496/3ab87b8f-0020-42f2-8d87-58794ae892be/
Wildflowers,Tom Petty,11/1/1994,yes,yes,no,yes,yes,no,no,no,no,yes,no,no,no,no,no,yes,no,no,no,no,no,no,no,no,no,no,no,no,no,no,no,no,no,no,no,no,no,https://www.evernote.com/shard/s3/nl/584496/41883197-3189-4e96-8add-b18278a309b3/
You Don't Know How It Feels,Tom Petty,12/3/1994,no,yes,no,yes,no,yes,no,no,no,no,no,no,no,no,no,yes,no,no,no,no,no,no,no,no,no,no,no,no,no,no,no,no,no,no,no,no,no,https://www.evernote.com/shard/s3/nl/584496/c48db2f7-8410-4c58-8b8b-a969a9864de9/
Dance Monkey,Tones and I,5/10/2019,no,yes,no,yes,no,no,no,no,no,no,no,no,no,yes,no,no,no,no,no,no,no,no,no,no,no,no,no,no,no,no,no,no,no,no,no,no,no,no
Fast Car,Tracy Chapman,4/6/1988,yes,yes,no,yes,yes,no,no,no,no,no,no,no,yes,yes,no,yes,no,no,no,no,no,no,no,no,no,no,no,no,no,no,no,no,no,no,no,no,no,https://www.evernote.com/shard/s3/nl/584496/1a946eeb-5640-4cae-b0ef-19ef1cf8c5c3/
Give Me One Reason,Tracy Chapman,1/1/1995,no,yes,yes,no,no,no,no,no,no,no,no,no,no,no,no,yes,no,no,no,no,no,no,no,no,no,yes,no,no,no,no,no,no,no,no,no,no,no,https://www.evernote.com/shard/s3/nl/584496/1e0b0e36-6f1c-48d1-9214-1e6c661367d9/
Drops Of Jupiter,Train,2/20/2001,no,yes,no,yes,no,no,no,no,no,no,no,no,no,yes,no,yes,no,no,no,no,no,no,no,no,no,no,no,no,no,no,no,no,no,no,no,no,no,https://www.evernote.com/shard/s3/nl/584496/ff267876-1fba-4869-b2cd-7e40dc239f1a/
Heathens,Twenty One Pilots,6/16/2016,no,yes,no,yes,no,no,no,no,no,no,no,no,no,no,no,yes,yes,no,no,no,no,no,no,no,no,no,no,no,no,no,no,no,no,no,no,no,no,https://www.evernote.com/shard/s3/nl/584496/32b3a364-9228-4224-9c06-c6eb3cf222f9/
House Of Gold,Twenty One Pilots,7/8/2011,no,yes,yes,no,no,no,yes,no,no,no,no,no,yes,no,no,no,yes,no,no,no,no,no,no,no,no,no,no,no,no,no,no,no,no,no,no,no,no,https://www.evernote.com/shard/s3/nl/584496/a5e2205f-6d17-47ce-afa5-e42ee9c7f2dd/
One,U2,2/24/1992,no,yes,no,yes,no,yes,no,no,no,no,no,no,no,no,no,yes,no,no,no,no,no,no,no,no,no,no,no,no,no,no,no,no,no,no,no,no,no,https://www.evernote.com/shard/s3/nl/584496/9cec8cd5-1467-449c-828a-08798f6a49e1/
And it Stoned Me,Van Morrisson,2/1/1970,no,yes,no,yes,no,no,no,no,no,no,no,no,yes,no,no,yes,no,no,no,no,no,no,no,no,no,no,no,no,no,no,no,no,no,no,no,no,no,no
Brown Eyed Girl,Van Morrisson,9/1/1967,no,yes,yes,no,no,yes,no,no,no,no,no,no,no,yes,no,yes,no,no,no,yes,no,no,no,no,no,no,no,no,no,no,no,no,no,no,no,no,no,https://www.evernote.com/shard/s3/nl/584496/a8554797-ae4a-4c1d-befe-b06278d0f601/
Crazy Love,Van Morrisson,2/28/1970,no,yes,no,no,yes,no,yes,no,no,yes,no,no,yes,yes,no,no,no,no,no,yes,no,no,no,no,no,no,no,no,no,no,no,no,no,no,no,no,no,https://www.evernote.com/shard/s3/nl/584496/a100c63c-a8e0-434c-bd51-6c66cee36d05/
Into The Mystic,Van Morrisson,2/28/1970,no,yes,no,yes,no,no,no,no,no,no,no,no,yes,yes,no,no,no,no,no,yes,no,no,no,no,no,no,no,no,no,no,no,no,no,no,no,no,no,https://www.evernote.com/shard/s3/nl/584496/7a712109-636e-4922-8827-a6529eb93323/
Moondance,Van Morrisson,2/28/1970,no,yes,no,yes,no,no,yes,no,no,no,no,no,yes,yes,no,no,no,no,no,yes,no,no,no,no,no,no,yes,no,no,no,no,no,no,no,no,no,no,https://www.evernote.com/shard/s3/nl/584496/52e710cb-cc86-4f0d-bb24-75808150c9b8/
Tupelo Honey,Van Morrisson,10/15/1971,no,yes,no,no,yes,no,yes,yes,no,yes,no,no,yes,no,no,yes,no,no,no,yes,no,no,no,no,no,no,no,no,no,no,no,no,no,no,no,no,no,https://www.evernote.com/shard/s3/nl/584496/f4b96b6c-7113-43a9-9a06-93a43f4779eb/
Lay It On Me,Vance Joy,7/12/2017,no,yes,no,yes,no,no,no,no,no,no,no,no,no,no,no,no,yes,no,no,no,no,no,no,no,no,no,no,no,no,no,no,no,no,no,no,no,no,https://www.evernote.com/shard/s3/nl/584496/421e3ee3-5c5a-4101-94c8-5937b074c679/
Mess Is Mine,Vance Joy,7/9/2014,no,yes,no,yes,no,no,yes,no,no,no,no,no,yes,no,no,no,yes,no,no,no,no,no,no,no,no,no,no,no,no,no,no,no,no,no,no,no,no,https://www.evernote.com/shard/s3/nl/584496/5ba31868-2f37-4288-8263-38a33168a698/
Riptide,Vance Joy,5/21/2013,yes,yes,yes,no,no,no,no,no,no,no,no,no,yes,yes,no,no,yes,no,no,no,no,no,no,no,no,no,no,no,no,no,no,no,no,no,no,no,no,https://www.evernote.com/shard/s3/nl/584496/b08f9f1b-c09e-40a7-a5b7-cd744c43a8bb/
Take Your Time,Vance Joy,2/23/2018,no,yes,no,yes,no,no,yes,no,no,no,no,no,yes,no,no,no,yes,no,no,no,no,no,no,no,no,no,no,no,no,no,no,no,no,no,no,no,no,no
World Spins Madly On,Weepies,3/7/2006,yes,yes,no,yes,yes,no,no,no,no,no,no,no,yes,yes,no,no,no,no,no,no,no,no,no,no,no,no,no,no,no,no,no,no,no,no,no,no,no,https://www.evernote.com/shard/s3/nl/584496/e4d4fedd-3d5e-4e30-a7f5-cef778811ead/
Buddy Holly,Weezer,5/10/1994,no,yes,yes,yes,no,no,no,no,no,no,no,no,no,yes,no,yes,no,yes,no,no,no,no,no,no,no,no,no,no,no,no,no,no,no,no,no,no,no,https://www.evernote.com/shard/s3/nl/584496/d9451aaa-41b4-4e43-9171-969682512a3d/
Island In The Sun,Weezer,5/15/2001,no,yes,no,yes,no,no,no,no,no,no,no,no,no,yes,no,yes,no,yes,no,no,no,yes,no,no,no,no,no,no,no,no,no,no,no,no,no,no,no,https://www.evernote.com/shard/s3/nl/584496/73bed3c8-0ef5-446f-895a-a01a1142f7d5/
No One Else,Weezer,5/10/1994,no,yes,no,yes,no,no,no,no,no,no,no,no,no,yes,no,yes,no,yes,no,no,no,yes,no,no,no,no,no,no,no,no,no,no,no,no,no,no,no,https://www.evernote.com/shard/s3/nl/584496/00f07eec-c146-42af-93f8-e51ce7aca02c/
Only In Dreams,Weezer,5/10/1994,no,yes,no,yes,no,no,no,no,no,no,no,no,no,yes,no,yes,no,yes,no,no,no,no,no,no,no,no,no,no,no,no,no,no,no,no,no,no,no,https://www.evernote.com/shard/s3/nl/584496/e5e01fde-bffd-4cda-971b-46b034e277dd/
Say It Ain't So,Weezer,5/10/1994,no,yes,yes,yes,no,yes,no,no,no,no,no,no,no,yes,no,yes,no,yes,no,no,no,yes,no,no,no,no,no,no,no,no,no,no,no,no,no,no,no,https://www.evernote.com/shard/s3/nl/584496/75ccb6fc-156a-428c-b52a-23def0bba3d9/
Teenage Dirtbag,Wheatus,7/17/2000,no,yes,yes,yes,no,yes,no,no,no,no,no,no,no,yes,no,yes,no,no,no,no,no,no,no,no,no,no,no,no,no,no,no,no,no,no,no,no,no,https://www.evernote.com/shard/s3/nl/584496/68a8c50b-c0b5-4a72-84af-c72d6d93d24e/
Baba O'Riley,Who,10/23/1971,no,yes,yes,no,no,yes,no,no,no,no,no,no,no,no,no,yes,no,no,no,no,no,no,no,no,no,no,no,no,no,no,no,no,no,no,no,no,no,https://www.evernote.com/shard/s3/nl/584496/c4e6baba-db5d-48ec-ab87-10af332ddef8/
Pinball Wizard,Who,5/23/1969,no,yes,yes,no,no,yes,no,no,no,no,no,no,no,no,no,yes,no,no,no,no,no,no,no,no,no,no,no,no,no,no,no,no,no,no,no,no,no,https://www.evernote.com/shard/s3/nl/584496/0d5c9ca9-c89d-42bb-9783-9e311e9fd88d/
Crazy,Willie Nelson,10/16/1961,no,yes,no,no,yes,no,no,no,no,no,no,no,yes,no,yes,no,no,no,no,no,no,no,no,no,no,no,no,no,no,no,no,no,no,no,no,no,no,https://www.evernote.com/shard/s3/nl/584496/228e66ac-d118-470c-b7a6-c1bb687afa52/
On the Road Again,Willie Nelson,8/1/1980,no,yes,yes,no,no,yes,no,no,no,no,no,no,no,no,yes,yes,no,no,no,no,no,no,no,no,no,no,no,no,no,no,no,no,no,no,no,no,no,https://www.evernote.com/shard/s3/nl/584496/d8daab2d-9796-476a-945b-4c8654d689ea/
Lovin' Arms,Wood Brothers,4/1/2008,yes,yes,no,yes,yes,no,yes,no,no,no,no,no,yes,no,no,no,no,no,no,no,no,no,no,no,no,yes,no,no,no,no,no,no,no,no,no,no,no,https://www.evernote.com/shard/s3/nl/584496/3a9aef54-cd29-4d46-b00e-164abafa1600/
Luckiest Man,Wood Brothers,3/7/2006,yes,yes,no,yes,no,no,no,no,no,no,no,no,yes,no,no,no,no,no,no,no,no,no,no,no,no,yes,no,no,no,no,no,no,no,no,no,no,no,https://www.evernote.com/shard/s3/nl/584496/f550a8c6-f130-4601-be3f-176738c5b3bb/
You and Me,You+Me,9/8/2014,yes,yes,no,yes,yes,no,yes,yes,no,yes,no,no,yes,no,no,no,no,no,no,no,no,no,no,no,no,no,no,no,no,no,no,no,no,no,no,no,no,https://www.evernote.com/shard/s3/nl/584496/9bdfbc45-d682-4c35-a061-b843ea661ee7/
Chicken Fried,Zac Brown Band,11/18/2008,yes,yes,yes,no,no,yes,no,no,no,no,no,no,no,no,yes,no,no,no,no,no,no,no,no,no,no,no,no,no,no,no,no,no,no,no,no,no,no,https://www.evernote.com/shard/s3/nl/584496/2eb773f0-8ae5-480b-b9bd-72f31262e44e/
Colder Weather,Zac Brown Band,12/20/2010,no,yes,no,yes,no,no,no,no,no,no,no,no,no,no,yes,no,no,no,no,no,no,no,no,no,no,no,no,no,no,no,no,no,no,no,no,no,no,https://www.evernote.com/shard/s3/nl/584496/88a65e72-50df-4201-8161-1127b5aa39d1/
Free,Zac Brown Band,11/18/2008,no,yes,no,yes,no,no,no,no,no,no,no,no,no,no,yes,no,no,no,no,no,no,no,no,no,no,no,no,no,no,no,no,no,no,no,no,no,no,https://www.evernote.com/shard/s3/nl/584496/16bd6b62-3215-4283-ae2a-9418117e82d9/
Highway 20 Ride,Zac Brown Band,11/18/2008,no,yes,no,no,yes,no,no,no,no,no,no,no,no,no,yes,no,no,no,no,no,no,no,no,no,no,no,no,no,no,no,no,no,no,no,no,no,no,https://www.evernote.com/shard/s3/nl/584496/1e2c99db-6e22-40ef-860a-ddc4e118fdac/
Toes,Zac Brown Band,11/18/2008,no,yes,yes,no,no,no,no,no,no,no,no,no,no,no,yes,no,no,no,no,no,no,no,no,no,no,no,no,no,no,no,no,no,no,no,no,no,no,https://www.evernote.com/shard/s3/nl/584496/8b2db648-2a2e-4922-a960-76a1c01d9eb8/
Whatever It is,Zac Brown Band,11/18/2008,no,yes,no,yes,no,no,yes,no,no,yes,no,no,no,no,yes,no,no,no,no,no,no,no,no,no,no,no,no,no,no,no,no,no,no,no,no,no,no,https://www.evernote.com/shard/s3/nl/584496/17706d4c-25a8-48de-9af4-b10f1e9063c6/
Dancing Queen,ABBA,11/12/1976,no,no,yes,no,no,yes,no,no,no,no,no,no,no,no,no,no,no,no,no,no,no,no,no,no,no,no,no,yes,yes,no,no,no,no,no,no,no,no,https://www.evernote.com/shard/s3/nl/584496/46ac9eae-ecfa-4ce7-bd6c-0c62ff08dc27/
Hello,Adele,10/23/2015,no,no,no,no,yes,yes,no,no,no,no,no,no,no,yes,no,no,no,no,no,yes,no,no,no,no,no,no,no,no,no,no,no,no,no,no,no,no,no,https://www.evernote.com/shard/s3/nl/584496/0d7f84e0-05b2-43ef-9a7d-f9b9e22944c3/
Don't Matter,Akon,1/18/2006,no,no,no,yes,no,no,no,no,no,no,no,no,no,yes,no,no,no,no,no,no,no,no,no,yes,no,no,no,no,no,no,no,no,yes,no,no,no,no,https://www.evernote.com/shard/s3/nl/584496/2ab50dda-f85a-49de-9788-a32e8bf95ba9/
Freedom,Akon,12/2/2008,no,no,no,yes,no,yes,no,no,no,no,no,no,no,yes,no,no,no,no,no,no,no,no,no,yes,no,no,no,no,no,no,no,no,yes,no,no,no,no,https://www.evernote.com/shard/s3/nl/584496/6c6d1e20-84e3-41e0-a2ce-a3cc3d19fbdc/
Lonely (Mr. Lonely),Akon,2/21/2005,no,no,no,yes,no,no,yes,no,no,no,no,no,no,yes,no,no,no,no,no,yes,no,no,no,no,no,no,no,no,no,no,no,no,yes,no,no,no,no,https://www.evernote.com/shard/s3/nl/584496/5d7a6e12-24b6-4f12-ab5e-ef3e26ae1ceb/
It's Five O'Clock Somewhere,Alan Jackson,6/2/2003,no,no,no,yes,no,yes,no,no,no,no,no,no,no,no,yes,no,no,no,no,no,no,no,no,no,no,no,no,no,no,no,no,no,no,no,no,no,no,https://www.evernote.com/shard/s3/nl/584496/6ed8693d-1965-4af9-a087-c24059109cc4/
Scars To Your Beautiful,Alessia Cara,7/26/2016,no,no,no,yes,no,no,no,no,no,no,no,no,no,yes,no,no,no,no,no,no,no,no,no,no,no,no,no,no,no,no,no,no,no,no,no,no,no,https://www.evernote.com/shard/s3/nl/584496/dc9238ff-15ef-408f-a401-7721bb234459/
Orange Sky,Alexi Murdoch,5/6/2003,no,no,no,no,yes,no,no,no,no,no,no,no,yes,no,no,no,no,no,no,no,no,no,no,no,no,no,no,no,no,no,no,no,no,yes,no,no,no,https://www.evernote.com/shard/s3/nl/584496/437f1483-8555-426b-8a25-bccc761d60a5/
Don't Follow,Alice In Chains,1/25/1994,no,no,no,no,yes,no,no,no,no,no,no,no,no,no,no,yes,no,yes,no,no,no,no,no,no,no,no,no,no,no,no,no,no,no,no,no,no,no,https://www.evernote.com/shard/s3/nl/584496/6cea8693-33aa-42d1-b74a-a6952abbecad/
Not Even The King,Alicia Keys,11/22/2012,no,no,no,no,yes,no,yes,yes,no,no,no,no,no,no,no,no,no,no,no,no,no,no,no,yes,no,no,no,no,no,no,no,no,no,no,no,no,no,https://www.evernote.com/shard/s3/nl/584496/7c1cc6b8-037d-4b08-a3dc-cda2703ed1d5/
Breezeblocks,Alt-J,5/18/2012,yes,no,no,yes,no,no,no,no,no,no,no,no,no,yes,no,yes,yes,no,no,no,no,no,no,no,no,no,no,no,no,no,no,no,no,no,no,no,no,https://www.evernote.com/shard/s3/nl/584496/37f1b4e0-37c7-4b04-adb2-1ada510e8f29/
Something Good,Alt-J,9/28/2012,yes,no,no,yes,no,no,no,no,no,no,no,no,no,no,no,yes,yes,no,no,no,no,no,no,no,no,no,no,no,no,no,no,no,no,no,no,no,no,https://www.evernote.com/shard/s3/nl/584496/06781c85-147f-4c04-9b79-1343a86abfec/
Chill In The Air,Amos Lee,10/8/2013,no,no,no,no,yes,no,no,no,no,no,no,no,yes,no,no,no,no,no,no,yes,no,no,no,no,no,no,no,no,no,no,no,no,no,no,no,no,no,https://www.evernote.com/shard/s3/nl/584496/e0761360-d750-4394-9424-5c196bc57ff2/
Tables and Chairs,Andrew Bird,2/8/2005,no,no,no,yes,no,no,no,no,no,no,no,no,yes,no,no,no,yes,no,no,no,no,no,no,no,no,no,no,no,no,no,no,no,no,no,no,no,no,https://www.evernote.com/shard/s3/nl/584496/55aa2b1a-93f7-45e5-be38-029a483f8100/
Angry Anymore,Ani DiFranco,1/19/1999,no,no,no,yes,no,no,no,no,no,no,no,no,yes,no,no,no,yes,no,no,no,no,no,no,no,no,no,no,no,no,no,no,no,no,no,no,no,no,https://www.evernote.com/shard/s3/nl/584496/a1c42c00-227f-49bc-a56f-f81c8d3c62e4/
2002,Anne Marie,4/20/2018,no,no,no,yes,no,no,no,no,no,no,no,no,no,yes,no,no,no,no,no,no,no,no,no,no,no,no,no,no,no,no,no,no,no,no,no,no,no,https://www.evernote.com/shard/s3/nl/584496/dba72ec9-8453-410e-80d2-fc5b877cecf7/
7 Rings,Ariana Grande,1/18/2019,no,no,no,yes,no,no,no,no,no,no,no,no,no,yes,no,no,no,no,no,no,no,no,no,yes,no,no,no,no,no,no,no,no,no,no,no,no,no,https://www.evernote.com/shard/s3/nl/584496/425816e2-3d62-4ae3-b755-13c7814cdb26/
Never My Love,Association,8/9/1967,no,no,no,no,yes,no,yes,no,no,no,no,no,no,yes,no,no,no,no,no,no,no,no,no,no,no,no,no,no,no,no,no,no,no,no,no,no,no,no
Sweet but psycho,Ava Max,8/17/2018,no,no,yes,no,no,no,no,no,no,no,no,no,no,yes,no,no,no,no,no,no,no,no,no,no,no,no,no,no,no,no,no,no,no,no,no,no,no,no
January Wedding,Avett Brothers,9/29/2009,no,no,no,yes,no,no,yes,no,no,no,no,no,yes,no,no,no,no,no,no,no,no,no,no,no,no,no,no,no,no,no,no,no,no,no,no,no,no,no
Murder In The City,Avett Brothers,7/22/2008,no,no,no,no,yes,no,no,no,no,no,no,no,yes,no,no,no,no,no,no,no,no,no,no,no,no,no,no,no,no,no,no,no,no,yes,no,no,no,https://www.evernote.com/shard/s3/nl/584496/3bdc6365-9b2f-473e-9e94-176beca076c2/
Swept Away,Avett Brothers,1/1/2004,yes,no,no,no,yes,no,yes,yes,no,yes,no,no,yes,no,no,no,no,no,no,no,no,no,no,no,no,no,no,no,no,no,no,no,no,yes,no,no,no,https://www.evernote.com/shard/s3/nl/584496/87d4be84-7ec3-4f5e-852f-03f6a05b44aa/
Call and Answer,Barenaked Ladies,7/13/1999,no,no,no,yes,no,no,no,no,no,no,no,no,no,no,no,no,no,yes,no,no,no,no,no,no,no,no,no,no,no,no,no,no,no,no,no,no,no,https://www.evernote.com/shard/s3/nl/584496/de0eb952-d6a5-4b9a-b7f3-697c83f19a7e/
When I Fall,Barenaked Ladies,3/19/1996,no,no,no,no,yes,no,no,no,no,no,no,no,no,no,no,no,no,yes,no,no,no,no,no,no,no,no,no,no,no,no,no,no,no,no,no,no,no,https://www.evernote.com/shard/s3/nl/584496/7aa29128-6d2e-4a00-acdd-f2f0967cc5e4/
All I Want Is You,Barry Louis Polisar,1/8/2008,yes,no,yes,no,no,no,yes,yes,yes,no,no,no,yes,no,no,no,yes,no,no,no,no,no,no,no,no,no,no,no,no,no,no,no,no,no,no,no,no,https://www.evernote.com/shard/s3/nl/584496/3555d9e9-f6c7-4e80-bb06-880b68570cfd/
God Only Knows,Beach Boys,7/11/1966,no,no,no,yes,no,no,yes,yes,yes,no,no,no,no,yes,no,no,no,no,no,no,no,no,no,no,no,no,no,no,no,no,no,no,no,no,no,no,no,https://www.evernote.com/shard/s3/nl/584496/bd614864-f689-4360-9c6b-57521b738078/
Sloop John B ,Beach Boys,1/1/1966,no,no,no,yes,no,no,no,no,no,no,no,no,yes,no,no,yes,no,no,no,no,no,no,no,no,no,no,no,no,no,no,no,no,no,no,no,no,no,https://www.evernote.com/shard/s3/nl/584496/e39aa54b-3b71-4c13-9104-0f8a2d5dc71d/
Across The Universe,Beatles,12/12/1969,yes,no,no,yes,no,no,no,no,no,no,no,no,yes,no,no,no,no,no,no,no,no,no,no,no,no,no,no,no,no,no,no,no,no,no,no,no,no,https://www.evernote.com/shard/s3/nl/584496/19875c12-ceb2-4aa1-882c-3feb8a49689b/
Eleanor Rigby,Beatles,8/5/1966,no,no,no,yes,no,no,no,no,no,no,no,no,no,yes,no,yes,no,no,no,no,no,no,no,no,no,no,no,no,no,no,no,no,no,no,no,no,no,https://www.evernote.com/shard/s3/nl/584496/b83a6ccf-85f1-4754-b40c-e0b65b3f9a7a/
For No One,Beatles,8/5/1966,no,no,no,yes,no,no,no,no,no,no,no,no,yes,no,no,no,no,no,no,no,no,no,no,no,no,no,no,no,no,no,no,no,no,no,no,no,no,https://www.evernote.com/shard/s3/nl/584496/00355125-1ea1-49f7-a981-e19b311d731a/
I Will,Beatles,11/22/1968,no,no,no,yes,no,no,yes,yes,no,no,no,no,yes,no,no,no,no,no,no,no,no,no,no,no,no,no,no,no,no,no,no,no,no,no,no,no,no,https://www.evernote.com/shard/s3/nl/584496/962146a3-c825-484a-890d-2939f7972728/
Penny Lane,Beatles,2/13/1967,no,no,no,yes,no,no,no,no,no,no,no,no,no,yes,no,no,no,no,no,no,no,no,no,no,no,no,no,no,no,no,no,no,no,no,no,no,no,https://www.evernote.com/shard/s3/nl/584496/b39da362-619f-43b8-8360-81b9899f6a08/
Yellow Submarine,Beatles,8/5/1966,no,no,yes,no,no,yes,no,no,no,no,no,no,yes,yes,no,no,no,no,no,no,no,no,no,no,no,no,no,no,no,no,no,no,no,no,no,no,no,https://www.evernote.com/shard/s3/nl/584496/2bd5ddf7-d875-4437-bf6b-a07a2de90c58/
Loser,Beck,3/8/1993,no,no,yes,no,no,yes,no,no,no,no,no,no,no,no,no,yes,no,yes,no,no,no,no,no,no,no,no,no,no,no,no,no,no,no,no,no,no,no,https://www.evernote.com/shard/s3/nl/584496/d184d159-54a0-4401-96ca-73cd5f42d5bf/
"Get Me Away From Here, I'm Dying",Belle And Sebastian,11/18/1996,no,no,yes,no,no,no,no,no,no,no,no,no,no,yes,no,no,yes,no,no,no,no,no,no,no,no,no,no,no,no,no,no,no,no,no,no,no,no,https://www.evernote.com/shard/s3/nl/584496/d380e56e-de38-4e3b-9e05-559dd13b2bd5/
Judy And The Dream Of Horses,Belle And Sebastian,11/18/1996,no,no,no,yes,no,no,no,no,no,no,no,no,no,yes,no,no,yes,no,no,no,no,no,no,no,no,no,no,no,no,no,no,no,no,no,no,no,no,https://www.evernote.com/shard/s3/nl/584496/ac266561-6ea5-4ff7-ac9d-b6433e267933/
Sleep The Clock Around,Belle And Sebastian,9/7/1998,no,no,no,yes,no,no,no,no,no,no,no,no,no,yes,no,no,yes,no,no,no,no,no,no,no,no,no,no,no,no,no,no,no,no,no,no,no,no,https://www.evernote.com/shard/s3/nl/584496/51d50f51-9d2b-4710-b59a-3a05468b4d6f/
Fred Jones Part 2,Ben Folds,9/11/2001,no,no,no,no,yes,no,no,no,no,no,no,no,no,no,no,no,no,yes,no,no,no,no,no,no,no,no,no,no,no,no,no,no,no,no,no,no,no,https://www.evernote.com/shard/s3/nl/584496/6b39cae1-412e-46ed-b050-c06b113e4534/
Not The Same,Ben Folds,9/11/2001,no,no,no,yes,no,no,no,no,no,no,no,no,no,no,no,no,no,yes,no,no,no,no,no,no,no,no,no,no,no,no,no,no,no,no,no,no,no,https://www.evernote.com/shard/s3/nl/584496/d7ef176f-5856-4813-8c99-4c3758dee02d/
The Luckiest,Ben Folds,9/11/2001,no,no,no,no,yes,no,yes,yes,no,no,no,no,no,no,no,no,no,yes,no,no,no,no,no,no,no,no,no,no,no,no,no,no,no,no,no,no,no,https://www.evernote.com/shard/s3/nl/584496/9f470927-b828-4cfb-b152-95a78f1ab4ae/
Zak and Sara,Ben Folds,9/11/2001,no,no,yes,no,no,no,no,no,no,no,no,no,no,no,no,yes,no,yes,no,no,no,no,no,no,no,no,no,no,no,no,no,no,no,no,no,no,no,https://www.evernote.com/shard/s3/nl/584496/764403e4-7b74-4bb2-a173-e2b223c0c621/
Better Way,Ben Harper,3/21/2006,yes,no,yes,no,no,no,no,no,no,no,no,no,no,no,no,yes,no,no,no,yes,no,no,no,no,no,no,no,no,no,no,no,no,no,no,no,no,no,https://www.evernote.com/shard/s3/nl/584496/bcf8660c-1a67-4e69-98cc-c05ab02f9228/
Forever,Ben Harper,2/8/1994,no,no,no,no,yes,no,yes,yes,no,no,no,no,yes,no,no,no,no,yes,no,no,no,no,no,no,no,no,no,no,no,no,no,no,no,no,no,no,no,https://www.evernote.com/shard/s3/nl/584496/a87a65bc-fccb-4968-9647-79ca6d77e6c6/
I shall not walk alone,Ben Harper,6/17/1997,no,no,no,no,yes,no,no,no,no,no,no,no,no,no,no,yes,no,yes,no,no,no,no,no,no,no,no,no,no,no,no,no,no,no,no,no,no,no,no
Waiting on an Angel,Ben Harper,2/8/1994,no,no,no,no,yes,no,no,no,no,no,no,no,yes,no,no,no,no,yes,no,no,no,no,no,no,no,yes,no,no,no,no,yes,no,no,no,no,no,no,https://www.evernote.com/shard/s3/nl/584496/69620298-a35a-4a08-a907-eeb690102e5b/
With My Own Two Hands,Ben Harper,1/1/2002,no,no,no,no,yes,no,no,no,no,no,no,no,yes,no,no,no,no,no,yes,no,no,no,no,no,no,no,no,no,no,no,yes,no,no,no,no,no,no,https://www.evernote.com/shard/s3/nl/584496/4b1f0565-afa3-4bc3-9031-6bcc925c1d5d/
Keep Your Head Up,Ben Howard,8/26/2011,no,no,yes,no,no,no,no,no,no,no,no,no,yes,no,no,no,yes,no,no,no,no,no,no,no,no,no,no,no,no,no,no,no,no,no,no,no,no,https://www.evernote.com/shard/s3/nl/584496/9bfe14f5-a9bf-47e1-8fc2-c7d776010ad4/
Old Pine,Ben Howard,7/20/2012,no,no,no,yes,no,no,no,no,no,no,no,no,yes,no,no,no,yes,no,no,no,no,no,no,no,no,no,no,no,no,no,no,no,no,no,no,no,no,https://www.evernote.com/shard/s3/nl/584496/264b8cfb-765d-4ebf-a2c6-afa3640d9c27/
Only Love,Ben Howard,5/4/2012,yes,no,no,yes,no,no,yes,no,no,no,no,no,yes,no,no,no,yes,no,no,no,no,no,no,no,no,no,no,no,no,no,no,no,no,no,no,no,no,no
Duo,Ben Rector,6/22/2018,no,no,no,yes,no,no,yes,no,no,no,no,no,no,yes,no,yes,no,no,no,no,no,no,no,no,no,no,no,no,no,no,no,no,no,no,no,no,no,https://www.evernote.com/shard/s3/nl/584496/44ab40b2-6829-4fa4-88aa-2d18aadc5824/
Good,Better Than Ezra,2/28/1995,no,no,no,yes,no,no,no,no,no,no,no,no,no,no,no,yes,no,yes,no,no,no,no,no,no,no,no,no,no,no,no,no,no,no,no,no,no,no,https://www.evernote.com/shard/s3/nl/584496/9f812934-89ac-4cae-bfb3-7c06c859737f/
Bad Guy,Billie Eilish,3/29/2019,no,no,no,yes,no,no,no,no,no,no,no,no,no,yes,no,no,no,no,no,no,no,no,no,no,no,no,no,no,no,no,no,no,no,no,no,no,no,no
Wish you were gay,Billie Eilish,3/4/2019,no,no,no,yes,no,no,no,no,no,no,no,no,no,yes,no,no,no,no,no,no,no,no,no,no,no,no,no,no,no,no,no,no,no,no,no,no,no,no
New York State of Mind,Billy Joel,1/1/1976,no,no,no,no,yes,no,no,no,no,no,no,no,no,yes,no,yes,no,no,no,no,no,no,no,no,no,no,yes,no,no,no,no,no,no,no,no,no,no,https://www.evernote.com/shard/s3/nl/584496/6a6f5e07-458f-4306-908f-347ec9166e92/
She's Got A Way,Billy Joel,1/1/1972,no,no,no,no,yes,no,yes,no,no,no,no,no,no,no,no,yes,no,no,no,no,no,no,no,no,no,no,no,no,no,no,no,no,no,no,no,no,no,https://www.evernote.com/shard/s3/nl/584496/ceb365f8-7c14-4069-b652-5290ccc4a375/
You're My Home,Billy Joel,1/1/1973,no,no,no,yes,no,no,yes,no,yes,no,no,no,no,yes,no,yes,no,no,no,no,no,no,no,no,no,no,no,no,no,no,no,no,no,no,no,no,no,https://www.evernote.com/shard/s3/nl/584496/82de9d5c-9f72-4077-b85d-c8724ea3abc0/
Hard to Handle,Black Crows,6/1/1968,no,no,yes,no,no,no,no,no,no,no,no,no,no,no,no,yes,no,no,no,yes,no,no,no,no,no,no,no,no,no,no,no,no,no,no,no,no,no,https://www.evernote.com/shard/s3/nl/584496/0eebb983-1106-40c2-bc00-047e5fd39a9b/
No Rain,Blind Melon,9/22/1992,no,no,yes,no,no,yes,no,no,no,no,no,no,yes,no,no,yes,no,yes,no,no,no,no,no,no,no,no,no,no,no,no,no,no,no,no,no,no,no,https://www.evernote.com/shard/s3/nl/584496/a576ac17-50a5-4b98-afcd-63135ccfad63/
Stay Together For The Kids,Blink 182,2/19/2002,no,no,yes,yes,no,no,no,no,no,no,no,no,no,yes,no,no,no,no,no,no,no,yes,no,no,no,no,no,no,no,no,no,no,no,no,no,no,no,https://www.evernote.com/shard/s3/nl/584496/3643b169-c80d-4494-bf0a-f49600541dd7/
Hooked On A Feeling,Blue Swede,10/1/1968,no,no,yes,no,no,yes,no,no,no,no,no,no,no,yes,no,no,no,no,no,no,no,no,no,no,no,no,no,no,no,no,no,no,no,no,no,no,no,https://www.evernote.com/shard/s3/nl/584496/6e944a80-c823-4cdb-9b35-5a912c0e7416/
Run-Around,Blues Traveler,2/28/1995,no,no,yes,no,no,no,no,no,no,no,no,no,no,no,no,yes,no,no,no,no,no,no,no,no,no,yes,no,no,no,no,no,no,no,no,no,no,no,https://www.evernote.com/shard/s3/nl/584496/63694e72-f6c7-4c59-aaac-82d8649fe62b/
Forever Young,Bob Dylan,1/17/1974,no,no,no,yes,no,no,no,no,no,no,yes,yes,yes,no,no,yes,no,no,no,no,no,no,no,no,no,no,no,no,no,no,no,no,no,no,no,no,no,no
I Want You,Bob Dylan,6/10/1966,no,no,no,yes,no,no,yes,no,no,no,no,no,yes,yes,no,yes,no,no,no,no,no,no,no,no,no,no,no,no,no,no,no,no,no,no,no,no,no,https://www.evernote.com/shard/s3/nl/584496/cdbeb20b-46f2-418c-a944-ab1c191aebfd/
Make You Feel My Love,Bob Dylan,9/30/1997,no,no,no,no,yes,no,yes,yes,no,yes,no,no,no,no,no,yes,no,no,no,no,no,no,no,no,no,yes,no,no,no,no,no,no,no,no,no,no,no,https://www.evernote.com/shard/s3/nl/584496/38485183-8c18-478f-bd87-003162611ede/
Tangled Up In Blue,Bob Dylan,1/17/1975,no,no,no,yes,no,no,no,no,no,no,no,no,yes,no,no,yes,no,no,no,no,no,no,no,no,no,no,no,no,no,no,no,no,no,no,no,no,no,https://www.evernote.com/shard/s3/nl/584496/bb2b75b0-6dd6-4ac8-88b5-58d2722dfd46/
No Woman No Cry,Bob Marley,10/25/1974,no,no,no,no,yes,no,no,no,no,no,no,no,no,no,no,no,no,no,yes,no,no,no,no,no,no,no,no,no,no,no,no,no,no,no,no,no,no,https://www.evernote.com/shard/s3/nl/584496/954fd6b5-7939-41cb-9ec4-24f81903fc96/
Pimper's Paradise,Bob Marley,6/10/1980,no,no,no,yes,no,no,no,no,no,no,no,no,no,no,no,no,no,no,yes,no,no,no,no,no,no,no,no,no,no,no,no,no,no,no,no,no,no,https://www.evernote.com/shard/s3/nl/584496/97db7445-502e-4e45-86f5-65fb9b923212/
Real Situation,Bob Marley,6/10/1980,no,no,no,yes,no,no,no,no,no,no,no,no,no,no,no,no,no,no,yes,no,no,no,no,no,no,no,no,no,no,no,no,no,no,no,no,no,no,https://www.evernote.com/shard/s3/nl/584496/18f514a1-f469-4376-b32f-767ba57a9991/
Captain Kirk,Bob Schneider,4/13/2004,,no,yes,no,no,no,no,no,no,no,no,no,yes,no,no,yes,no,yes,no,no,no,no,no,no,no,no,no,no,no,no,no,no,no,no,no,no,no,https://www.evernote.com/shard/s3/nl/584496/266b2f92-05d9-4b51-bf63-86801b473934/
Changing Your Mind,Bob Schneider,9/29/2009,yes,no,no,no,yes,no,no,no,no,no,no,no,yes,no,no,no,no,yes,no,no,no,no,no,no,no,no,no,no,no,no,no,no,no,no,no,no,no,https://www.evernote.com/shard/s3/nl/584496/ecc5ef8b-5b8a-486f-b023-3dcfbfa07ba7/
Everything Changed,Bob Schneider,1/1/2018,no,no,no,no,yes,no,yes,no,no,no,no,no,no,yes,no,no,no,no,no,no,no,no,no,no,no,no,no,no,no,no,no,no,no,no,no,no,no,https://www.evernote.com/shard/s3/nl/584496/e0c2ae55-02f0-4638-8d21-f363f2181e77/
Getting Better,Bob Schneider,4/13/2004,yes,no,yes,no,no,yes,no,no,no,no,no,no,yes,no,no,yes,no,yes,no,no,no,no,no,no,no,no,no,no,no,no,no,no,no,no,no,no,no,https://www.evernote.com/shard/s3/nl/584496/3eb1f032-13c3-47b5-9245-4635b701086b/
Metal and Steel,Bob Schneider,3/13/2001,no,no,yes,yes,no,no,no,no,no,no,no,no,yes,no,no,yes,no,yes,no,no,no,no,no,no,no,no,no,no,no,no,no,no,no,no,no,no,no,https://www.evernote.com/shard/s3/nl/584496/a727a4f4-fdbc-42b2-a930-43f4daffd5fd/
Piggyback,Bob Schneider,4/13/2004,no,no,no,no,yes,no,no,no,no,no,no,no,no,no,no,yes,no,no,no,no,no,no,no,no,no,no,no,no,no,no,no,no,no,no,no,no,no,https://www.evernote.com/shard/s3/nl/584496/a3866443-b33d-4e38-a70f-4203c913e82d/
Sideshow Tornado,Bob Schneider,1/1/2000,no,no,no,no,yes,no,no,no,no,no,no,no,yes,no,no,no,no,yes,no,no,no,no,no,no,no,no,no,no,no,no,no,no,no,no,no,no,no,https://www.evernote.com/shard/s3/nl/584496/717499af-04de-4b83-8bea-0eaafb9917f7/
Stars Over Your House,Bob Schneider,2/10/2015,no,no,no,yes,no,no,no,no,no,no,no,no,no,yes,no,no,no,no,no,no,no,no,no,no,no,no,no,no,no,no,no,no,no,no,no,no,no,https://www.evernote.com/shard/s3/nl/584496/ee8287c1-9910-4a63-aa03-ac59b1347e66/
Tarantula,Bob Schneider,9/29/2009,no,no,yes,no,no,no,no,no,no,no,no,no,no,no,no,yes,no,no,no,no,no,no,no,no,no,no,no,no,no,no,no,no,no,no,no,no,no,https://www.evernote.com/shard/s3/nl/584496/0f700f7b-1cdb-4a05-a079-663ebc184147/
The World Exploded Into Love,Bob Schneider,3/13/2001,yes,no,no,no,yes,no,yes,no,no,no,no,no,yes,no,no,no,no,yes,no,no,no,no,no,no,no,no,no,no,no,no,no,no,no,no,no,no,no,https://www.evernote.com/shard/s3/nl/584496/fff824b9-f96f-445d-b9a4-7a244998f1e8/
Til Somebody Catches A Feeling,Bob Schneider,9/29/2009,no,no,no,yes,no,no,no,no,no,no,no,no,yes,no,no,no,no,yes,no,no,no,no,no,no,no,no,no,no,no,no,no,no,no,no,no,no,no,https://www.evernote.com/shard/s3/nl/584496/bee27ef6-ee98-45db-b476-0b112226ee3f/
Don't Worry Be Happy,Bobby McFerrin,9/1/1988,yes,no,no,no,yes,no,no,no,no,no,no,no,no,no,no,no,no,no,yes,no,no,no,no,no,no,no,yes,no,no,no,no,no,no,no,no,no,no,https://www.evernote.com/shard/s3/nl/584496/9a27847d-85d7-43a9-9781-0255ba0e67d1/
Blood Bank,Bon Iver,1/20/2009,no,no,no,no,yes,no,no,no,no,no,no,no,yes,no,no,no,yes,no,no,no,no,no,no,no,no,no,no,no,no,no,no,no,no,no,no,no,no,https://www.evernote.com/shard/s3/nl/584496/6e894cb7-7df7-423b-a468-42f23bfd5c8c/
The Story,Brandi Carlisle,4/3/2007,no,no,no,yes,no,no,yes,no,no,no,no,no,yes,no,no,yes,no,no,no,no,no,no,no,no,no,no,no,no,no,no,no,no,no,no,no,no,no,no
Ain't No Reason,Brett Dennen,9/1/2006,no,no,no,yes,yes,no,no,no,no,no,no,no,yes,yes,no,no,no,no,no,no,no,no,no,no,no,no,no,no,no,no,no,no,no,no,no,no,no,https://www.evernote.com/shard/s3/nl/584496/be9d9a9d-f48f-49f1-acf5-199cf076df64/
I Don't Remember Me (Before You),Brothers Osbourne,4/20/2018,no,no,no,yes,no,no,yes,no,no,yes,no,no,no,no,yes,no,no,no,no,no,no,no,no,no,no,no,no,no,no,no,no,no,no,no,no,no,no,https://www.evernote.com/shard/s3/nl/584496/fc098843-acf2-4a9a-9f64-d161c2fa95d2/
My City Of Ruins,Bruce Springsteen,7/30/2002,no,no,no,yes,no,no,no,no,no,no,no,no,no,no,no,yes,no,no,no,no,no,no,no,no,no,no,no,no,no,no,no,no,no,no,no,no,no,https://www.evernote.com/shard/s3/nl/584496/4b49a7fa-e9e6-43f4-8e68-110080682cc2/
When you need me,Bruce Springsteen,11/10/1998,no,no,no,yes,no,no,no,no,no,no,yes,yes,no,no,no,yes,no,no,no,no,no,no,no,no,no,no,no,no,no,no,no,no,no,no,no,no,no,no
Grenade,Bruno Mars,9/28/2010,no,no,yes,no,no,no,no,no,no,no,no,no,no,yes,no,no,no,no,no,no,no,no,no,yes,no,no,no,no,no,no,no,no,no,no,no,no,no,https://www.evernote.com/shard/s3/nl/584496/1e5b257d-8d44-4bf3-91b2-781b764af0d1/
Just The Way You Are,Bruno Mars,7/20/2010,no,no,yes,no,no,no,yes,no,yes,no,no,no,no,yes,no,no,no,no,no,no,no,no,no,yes,no,no,no,no,no,no,no,no,no,no,no,no,no,https://www.evernote.com/shard/s3/nl/584496/8cec15ab-3f38-43db-945f-2b3fc7039f92/
Lazy Song,Bruno Mars,2/15/2011,no,no,yes,no,no,no,no,no,no,no,no,no,no,yes,no,no,no,no,yes,no,no,no,no,no,no,no,no,no,no,no,no,no,no,no,no,no,no,https://www.evernote.com/shard/s3/nl/584496/df4bab08-0514-49ce-bc86-af720cc67ca8/
Heaven,Bryan Adams,4/9/1985,no,no,no,no,yes,no,yes,yes,no,yes,no,no,no,no,no,yes,no,no,no,no,no,no,no,no,no,no,no,no,no,no,no,no,no,no,no,no,no,https://www.evernote.com/shard/s3/nl/584496/fafde265-f540-447f-aa77-ed631c32b49d/
Glycerine,Bush,11/14/1995,no,no,no,yes,no,no,no,no,no,no,no,no,no,no,no,no,no,yes,no,no,no,no,no,no,no,no,no,no,no,no,no,no,no,no,no,no,no,https://www.evernote.com/shard/s3/nl/584496/143922ca-36ac-42cf-820e-02c98c8f7dd2/
Dime,Cake,10/5/2004,yes,no,yes,no,no,no,no,no,no,no,no,no,no,no,no,yes,no,yes,no,no,no,no,no,no,no,no,no,no,no,no,no,no,no,no,no,no,no,https://www.evernote.com/shard/s3/nl/584496/4e930e28-952a-46e7-b184-0eb8dc250734/
End of the Movie,Cake,10/5/2004,no,no,no,yes,no,no,no,no,no,no,no,no,no,no,no,yes,no,yes,no,no,no,no,no,no,no,no,no,no,no,no,no,no,no,no,no,no,no,https://www.evernote.com/shard/s3/nl/584496/57bca7e0-c599-44af-ba56-1daf9f5a02b3/
Let Me Go,Cake,6/16/1999,yes,no,yes,no,no,no,no,no,no,no,no,no,no,no,no,yes,no,yes,no,no,no,no,no,no,no,no,no,no,no,no,no,no,no,no,no,no,no,https://www.evernote.com/shard/s3/nl/584496/575bf860-5f32-4841-932a-ba2497fa5af5/
Stickshifts & Safetybelts,Cake,9/17/1996,yes,no,yes,no,no,no,no,no,no,no,no,no,no,no,no,yes,no,yes,no,no,no,no,no,no,no,no,no,no,no,no,no,no,no,no,no,no,no,https://www.evernote.com/shard/s3/nl/584496/4d727d47-fcdc-4f2d-ad65-f52a361676c6/
We've Only Just Begun,Carpenters,9/12/1970,no,no,no,yes,no,no,no,no,no,no,no,no,no,yes,no,yes,no,no,no,no,no,no,no,no,no,no,no,no,no,no,no,no,no,no,no,no,no,https://www.evernote.com/shard/s3/nl/584496/6ca9b680-b7f6-4a23-8c82-f4ec45e3dbfc/
Before He Cheats,Carrie Underwood,8/19/2006,no,no,no,yes,no,no,no,no,no,no,no,no,no,no,yes,no,no,no,no,no,no,no,no,no,no,no,no,no,no,no,no,no,no,no,no,no,no,https://www.evernote.com/shard/s3/nl/584496/85a17f94-ebcd-4543-bf4f-f210bce604fc/
Itches & Tugs,Carsie Blanton,1/1/2009,no,no,yes,no,no,no,no,no,no,no,no,no,yes,no,no,no,no,no,no,no,no,no,no,no,no,no,no,no,no,no,no,no,no,yes,no,no,no,https://www.evernote.com/shard/s3/nl/584496/c17ccacb-9a8c-41c4-afa1-5b8afe53cf15/
Sea Of Love,Cat Power,3/21/2000,yes,no,no,no,yes,no,yes,yes,no,no,no,no,no,no,no,no,yes,no,no,no,no,no,no,no,no,no,no,no,no,no,no,no,no,no,no,no,no,https://www.evernote.com/shard/s3/nl/584496/408657da-ebce-4744-9a23-c48fae2f469a/
Morning Has Broken,Cat Stevens,10/1/1971,no,no,no,yes,yes,no,no,no,no,no,no,no,yes,no,no,no,no,no,no,no,no,no,no,no,no,no,no,no,no,no,yes,no,no,no,no,no,no,https://www.evernote.com/shard/s3/nl/584496/51aa6a8e-457a-454c-8dd3-284c93aba4c9/
Kung Fu Fighting,Cee Lo Green,1/1/1974,no,no,yes,no,no,no,no,no,no,no,no,no,no,yes,no,no,no,no,no,no,no,no,no,no,no,no,no,yes,no,no,no,no,no,no,no,no,no,https://www.evernote.com/shard/s3/nl/584496/c0744460-a234-418f-b780-13a532d67901/
Paris,Chainsmokers,1/13/2017,no,no,no,yes,no,no,no,no,no,no,no,no,no,yes,no,no,no,no,no,no,no,no,no,no,no,no,no,no,no,no,no,no,no,no,no,no,no,https://www.evernote.com/shard/s3/nl/584496/fe3422c2-3c1e-4154-b4cd-0e90d54712a6/
Back Together,Citizen Cope,9/12/2006,no,no,yes,no,no,no,no,no,no,no,no,no,no,no,no,yes,no,yes,no,no,no,no,no,no,no,no,no,no,no,no,no,no,no,no,no,no,no,https://www.evernote.com/shard/s3/nl/584496/45e20ea8-fb19-4c6c-9732-51bc1a0e75aa/
Comin' Back,Citizen Cope,1/29/2002,no,no,yes,no,no,no,no,no,no,no,no,no,yes,no,no,yes,no,yes,no,yes,no,no,no,no,no,no,no,no,no,no,no,no,no,no,no,no,no,https://www.evernote.com/shard/s3/nl/584496/5d65b18a-55c7-4f80-bdb2-4d4e4958d99c/
D'Artagnon's Theme,Citizen Cope,9/14/2004,yes,no,no,no,yes,no,no,no,no,no,no,no,yes,no,no,yes,no,no,no,yes,no,no,no,no,no,no,no,no,no,no,no,no,no,no,no,no,no,https://www.evernote.com/shard/s3/nl/584496/d61cfe0c-dc6d-4806-bb2b-f406b234b6ed/
DFW,Citizen Cope,7/17/2012,no,no,yes,no,no,no,no,no,no,no,no,no,yes,no,no,yes,no,yes,no,no,no,no,no,no,no,no,no,no,no,no,no,no,no,no,no,no,no,https://www.evernote.com/shard/s3/nl/584496/ab4aef56-e18f-404e-bfee-8050a728d521/
Left For Dead,Citizen Cope,9/12/2006,no,no,no,no,yes,no,no,no,no,no,no,no,yes,no,no,no,yes,yes,no,no,no,no,no,no,no,no,no,no,no,no,no,no,no,no,no,no,no,https://www.evernote.com/shard/s3/nl/584496/47e06802-ea49-43b1-91fd-c1e0b221f06e/
One Lovely Day,Citizen Cope,7/17/2012,no,no,no,yes,yes,no,no,no,no,no,no,no,yes,no,no,no,yes,yes,no,no,no,no,no,no,no,no,no,no,no,no,no,no,no,no,no,no,no,https://www.evernote.com/shard/s3/nl/584496/4523c134-e56c-45b0-a01f-d8e71be3af1f/
Pablo Picasso,Citizen Cope,9/14/2004,yes,no,no,yes,no,no,no,no,no,no,no,no,yes,no,no,yes,no,yes,no,no,no,no,no,no,no,no,no,no,no,no,no,no,no,no,no,no,no,https://www.evernote.com/shard/s3/nl/584496/8ce40335-630e-40b2-848f-d6b456008483/
Silver Blush,Citizen Cope,1/1/2019,no,no,no,yes,no,no,no,no,no,no,no,no,no,no,no,yes,no,yes,no,yes,no,no,no,no,no,no,no,no,no,no,no,no,no,no,no,no,no,no
Clocks,Coldplay,12/10/2002,no,no,no,yes,no,no,no,no,no,no,no,no,no,no,no,yes,no,yes,no,no,no,no,no,no,no,no,no,no,no,no,no,no,no,no,no,no,no,https://www.evernote.com/shard/s3/nl/584496/a0d0bc97-5a91-4f5c-a3b3-5c4c64461cd7/
Fix You,Coldplay,9/5/2005,no,no,no,yes,yes,no,no,no,no,no,no,no,no,yes,no,no,no,yes,no,no,no,no,no,no,no,no,no,no,no,no,no,no,no,no,no,no,no,https://www.evernote.com/shard/s3/nl/584496/c0226a84-c955-4e73-9578-36f61351c408/
Paradise,Coldplay,9/12/2011,no,no,no,yes,no,no,no,no,no,no,no,no,no,yes,no,yes,no,yes,no,no,no,no,no,no,no,no,no,no,no,no,no,no,no,no,no,no,no,https://www.evernote.com/shard/s3/nl/584496/68d299b6-6460-4965-9e39-2e20d7d26cb2/
Something just like this,Coldplay,2/22/2017,no,no,no,yes,no,no,no,no,no,no,no,no,no,yes,no,no,no,no,no,no,no,no,no,no,no,no,no,no,no,no,no,no,no,no,no,no,no,no
Til Kingdom Come,Coldplay,6/6/2005,no,no,no,no,yes,no,yes,yes,no,no,no,no,no,yes,no,yes,no,yes,no,no,no,no,no,no,no,no,no,no,no,no,no,no,no,no,no,no,no,https://www.evernote.com/shard/s3/nl/584496/911d0218-4496-4487-af32-11dc2b6a242b/
Beautiful World,Colin Hay,1/1/2002,no,no,no,yes,no,no,no,no,no,no,no,no,yes,no,no,yes,no,no,no,no,no,no,no,no,no,no,no,no,no,no,no,no,no,no,no,no,no,https://www.evernote.com/shard/s3/nl/584496/c2c3ce8d-764b-4996-99ed-0d38e1e0547f/
I Wish I Was Still Drinking,Colin Hay,4/24/2007,no,no,no,no,yes,no,no,no,no,no,no,no,yes,no,no,no,no,no,no,no,no,no,no,no,no,no,no,no,no,no,no,no,no,no,no,no,no,https://www.evernote.com/shard/s3/nl/584496/bc2e4186-6a91-4e80-9431-d2701a99a447/
A Long December,Counting Crows,10/14/1996,no,no,no,no,yes,no,no,no,no,no,no,no,no,no,no,yes,no,yes,no,no,no,no,no,no,no,no,no,no,no,no,no,no,no,no,no,no,no,https://www.evernote.com/shard/s3/nl/584496/161c20a7-b859-462f-91ad-026c8f2a59da/
Hanginaround,Counting Crows,10/18/1999,no,no,yes,no,no,no,no,no,no,no,no,no,no,no,no,yes,no,yes,no,no,no,no,no,no,no,no,no,no,no,no,no,no,no,no,no,no,no,https://www.evernote.com/shard/s3/nl/584496/3665b5d9-005b-492b-88be-51026dc17eed/
Omaha,Counting Crows,9/14/1993,no,no,no,yes,no,no,no,no,no,no,no,no,no,no,no,yes,no,yes,no,no,no,no,no,no,no,no,no,no,no,no,no,no,no,no,no,no,no,https://www.evernote.com/shard/s3/nl/584496/70897ff4-fed9-499c-83e6-a1c45a15c266/
Linger,Cranberries,2/23/1993,no,no,no,yes,no,yes,no,no,no,no,no,no,no,yes,no,yes,no,yes,no,no,no,no,no,no,no,no,no,no,no,no,no,no,no,no,no,no,no,no
Zombie,Cranberries,10/3/1994,no,no,no,yes,no,yes,no,no,no,no,no,no,no,no,no,yes,no,yes,no,no,no,no,no,no,no,no,no,no,no,no,no,no,no,no,no,no,no,https://www.evernote.com/shard/s3/nl/584496/0db0f92d-bf68-47e4-b5d1-0c1402a3bd31/
Lookin' Out My Back Door,Creedence Clearwater Revival,7/25/1970,no,no,yes,yes,no,no,no,no,no,no,no,no,no,no,yes,yes,no,no,no,no,no,no,no,no,no,no,no,no,no,no,no,no,no,no,no,no,no,https://www.evernote.com/shard/s3/nl/584496/177ef796-1ed3-4a9a-814d-bd56f53c5443/
Wasted On The Way,Crosby Stills & Nash,6/21/1982,no,no,no,yes,no,no,no,no,no,no,no,no,no,no,no,yes,no,no,no,no,no,no,no,no,no,no,no,no,no,no,no,no,no,no,no,no,no,https://www.evernote.com/shard/s3/nl/584496/9efe588a-2f4b-4ec5-a55b-5c250c48ad53/
Time After Time,Cyndi Lauper,1/27/1984,no,no,no,yes,no,yes,no,no,no,no,no,no,no,yes,no,no,no,no,no,no,no,no,no,no,no,no,no,no,no,no,no,no,no,no,no,no,no,https://www.evernote.com/shard/s3/nl/584496/a1f3cc82-87a6-4239-b974-9d895296d9e2/
True Colors,Cyndi Lauper,8/28/1986,no,no,no,no,yes,no,yes,no,no,no,no,no,no,yes,no,no,no,no,no,no,no,no,no,no,no,no,no,no,no,no,no,no,no,no,no,no,no,no
9 Crimes,Damien Rice,11/27/2006,yes,no,no,no,yes,no,no,no,no,no,no,no,no,no,no,yes,yes,no,no,no,no,no,no,no,no,no,no,no,no,no,no,no,no,no,no,no,no,https://www.evernote.com/shard/s3/nl/584496/a0ee07c0-f794-4e27-b539-4c14af22cd2c/
Blower's Daughter,Damien Rice,2/1/2002,no,no,no,no,yes,no,yes,no,no,no,no,no,yes,no,no,no,yes,no,no,no,no,no,yes,no,no,no,no,no,no,no,no,no,no,no,no,no,no,https://www.evernote.com/shard/s3/nl/584496/640b546c-8ba8-4752-b5aa-417916f840b1/
Grey Room,Damien Rice,11/3/2006,no,no,no,no,yes,no,no,no,no,no,no,no,yes,no,no,no,yes,no,no,no,no,no,yes,no,no,no,no,no,no,no,no,no,no,no,no,no,no,https://www.evernote.com/shard/s3/nl/584496/2f74d328-d0c7-482c-8ee2-03580a008335/
Lonelily,Damien Rice,8/1/2004,no,no,no,yes,no,no,yes,no,no,no,no,no,yes,no,no,no,yes,no,no,no,no,no,yes,no,no,no,no,no,no,no,no,no,no,no,no,no,no,https://www.evernote.com/shard/s3/nl/584496/69b78b16-70ac-41ff-8c69-fb88b62332be/
Older Chests,Damien Rice,2/1/2002,no,no,no,no,yes,no,no,no,no,no,no,no,yes,no,no,no,yes,no,no,no,no,no,yes,no,no,no,no,no,no,no,no,no,no,no,no,no,no,https://www.evernote.com/shard/s3/nl/584496/1e8589ab-99e7-4ae4-857b-dd1d46a1b31a/
"10,000 Hours (feat Justin Bieber)",Dan + Shay,10/4/2019,no,no,no,yes,no,no,yes,no,no,no,no,no,no,yes,yes,no,no,no,no,no,no,no,no,no,no,no,no,no,no,no,no,no,no,no,no,no,no,no
Beautiful,Dan Reeder,9/12/2006,no,no,no,no,yes,no,yes,no,no,no,no,no,yes,no,no,no,no,no,no,no,no,no,no,no,no,no,no,no,no,no,no,no,no,yes,no,no,no,https://www.evernote.com/shard/s3/nl/584496/346e0fd7-f6eb-49ed-8073-f33544aadb86/
Fireball,Dan Reeder,2/16/2010,no,no,no,no,yes,no,no,no,no,no,no,no,yes,no,no,no,no,no,no,no,no,no,no,no,no,yes,no,no,no,no,no,no,no,yes,no,no,no,https://www.evernote.com/shard/s3/nl/584496/904223b4-2e30-424b-8047-db22ca73fcd7/
I Drink Beer,Dan Reeder,9/12/2006,no,no,no,yes,no,no,no,no,no,no,no,no,yes,no,no,no,no,no,no,no,no,no,no,no,no,yes,no,no,no,no,no,no,no,yes,no,no,no,https://www.evernote.com/shard/s3/nl/584496/55050feb-cfdd-4971-ad1b-256c93788433/
It Feels So Good,Dan Reeder,2/16/2010,yes,no,no,no,yes,no,no,no,no,no,no,no,yes,no,no,no,no,no,no,no,no,no,no,no,no,yes,no,no,no,no,no,no,no,yes,no,no,no,https://www.evernote.com/shard/s3/nl/584496/3eaf9e7e-081f-49a5-ae9a-61cc94eb4704/
Maybe,Dan Reeder,2/16/2010,yes,no,no,yes,no,no,no,no,no,no,no,no,yes,no,no,no,no,no,no,no,no,no,no,no,no,no,no,no,no,no,no,no,no,yes,no,no,no,https://www.evernote.com/shard/s3/nl/584496/6adf4599-b90f-44d8-bcca-7b06aa361f35/
Nobody Wants To Be You,Dan Reeder,1/1/2017,no,no,no,no,yes,no,no,no,no,no,no,no,yes,no,no,no,no,no,no,no,no,no,no,no,no,no,no,no,no,no,no,no,no,no,no,no,no,https://www.evernote.com/shard/s3/nl/584496/155c23c6-6094-4ae4-a4f1-d8158009f029/
The Walk To The God House,Dan Reeder,2/16/2010,yes,no,no,no,yes,no,no,no,no,no,no,no,yes,no,no,no,no,no,no,no,no,no,no,no,no,no,no,no,no,no,no,no,no,yes,no,no,no,https://www.evernote.com/shard/s3/nl/584496/ae9f1844-0e81-4a47-9002-8413bd19442a/
Troubled Soul,Dan Reeder,2/16/2010,no,no,no,no,yes,no,no,no,no,no,no,no,yes,no,no,no,no,no,no,no,no,no,no,no,no,yes,no,no,no,no,no,no,no,yes,no,no,no,https://www.evernote.com/shard/s3/nl/584496/9555e6cd-bd67-41d5-b0b0-beeef592b0bd/
Best Part (feat H.E.R.),Daniel Caesar,12/31/2017,no,no,no,no,yes,no,yes,no,no,yes,no,no,no,yes,no,no,no,no,no,no,no,no,no,yes,no,no,no,no,no,no,no,no,no,no,no,no,no,no
This,Darius Rucker,11/22/2010,no,no,no,yes,no,no,no,no,no,no,no,no,no,no,yes,no,no,no,no,no,no,no,no,no,no,no,no,no,no,no,no,no,no,no,no,no,no,https://www.evernote.com/shard/s3/nl/584496/0fbe26bb-411f-4b3f-92bf-589177a83773/
#41,Dave Matthews Band,4/30/1996,no,no,no,no,yes,no,no,no,no,no,no,no,no,no,no,yes,no,yes,no,no,no,no,no,no,no,no,no,no,no,no,no,no,no,no,no,no,no,https://www.evernote.com/shard/s3/nl/584496/b76a7a56-125c-4ce9-a185-4beb035853d6/
Best of What's Around,Dave Matthews Band,9/27/1994,no,no,yes,no,no,no,no,no,no,no,no,no,no,no,no,yes,no,yes,no,no,no,no,no,no,no,no,no,no,no,no,no,no,no,no,no,no,no,https://www.evernote.com/shard/s3/nl/584496/d734659e-76a8-4286-91a0-52c2dda84767/
Crush,Dave Matthews Band,9/8/1998,no,no,no,yes,no,no,no,no,no,no,no,no,no,no,no,yes,no,yes,no,no,no,no,no,no,no,no,no,no,no,no,no,no,no,no,no,yes,no,https://www.evernote.com/shard/s3/nl/584496/9f8837f0-0933-426c-b659-8e8839eb87d1/
Grace Is Gone,Dave Matthews Band,7/16/2002,no,no,no,yes,yes,no,no,no,no,no,no,no,no,no,no,yes,no,yes,no,no,no,no,no,no,no,no,no,no,no,no,no,no,no,no,no,no,no,https://www.evernote.com/shard/s3/nl/584496/20345bf2-e7f4-4d68-a3a8-b166525ec295/
Lover Lay Down,Dave Matthews Band,9/27/1994,no,no,no,no,yes,no,yes,no,no,no,no,no,no,no,no,yes,no,yes,no,no,no,no,no,no,no,no,no,no,no,no,no,no,no,no,no,no,no,https://www.evernote.com/shard/s3/nl/584496/90cff7e0-42f3-4749-9035-06c3ee9c640c/
Say Goodbye,Dave Matthews Band,4/30/1996,no,no,no,yes,no,no,yes,no,no,no,no,no,no,no,no,yes,no,no,no,no,no,no,no,no,no,no,no,no,no,no,no,no,no,no,no,no,no,https://www.evernote.com/shard/s3/nl/584496/41f99163-1ec6-4d87-851c-6a72dbb26ce5/
Sweet,Dave Matthews Band,9/11/2012,no,no,no,no,yes,no,no,no,no,no,no,no,no,no,no,yes,no,yes,no,no,no,no,no,no,no,no,no,no,no,no,no,no,no,no,no,no,no,https://www.evernote.com/shard/s3/nl/584496/1ee07349-68cd-43d8-9700-507b1a8450d6/
The Man Who Sold the World,David Bowie,11/4/1970,no,no,no,yes,no,no,no,no,no,no,no,no,yes,no,no,yes,no,no,no,no,no,no,no,no,no,no,no,no,no,no,no,no,no,no,no,no,no,https://www.evernote.com/shard/s3/nl/584496/b2f6343f-296a-4c55-8425-a04ccc08df5d/
Be Mine,David Gray,4/7/2003,no,no,no,yes,no,no,yes,no,no,no,no,no,yes,no,no,yes,no,yes,no,no,no,no,no,no,no,no,no,no,no,no,no,no,no,no,no,no,no,https://www.evernote.com/shard/s3/nl/584496/b769427c-d199-44bd-9cb0-f6c754ede5a5/
If I Wanted Someone,Dawes,6/7/2011,no,no,no,yes,no,no,no,no,no,no,no,no,yes,no,no,yes,no,no,no,no,no,no,no,no,no,no,no,no,no,no,no,no,no,no,no,no,no,https://www.evernote.com/shard/s3/nl/584496/6f991fe2-5da3-4757-90d7-e94af97a93a4/
When My Time Comes,Dawes,8/18/2009,no,no,no,yes,no,no,no,no,no,no,no,no,yes,no,no,yes,no,no,no,no,no,no,no,no,no,no,no,no,no,no,no,no,no,no,no,no,no,https://www.evernote.com/shard/s3/nl/584496/21a236c1-fef5-40b9-a720-c5a14c5af9cc/
Don't Carry It All,Decemberists,1/14/2011,no,no,yes,no,no,no,no,no,no,no,no,no,yes,no,no,no,yes,no,no,no,no,no,no,no,no,no,no,no,no,no,no,no,no,no,no,no,no,https://www.evernote.com/shard/s3/nl/584496/6afdde69-0d18-423c-92b2-3f4e11779e4f/
January Hymn,Decemberists,1/14/2011,no,no,no,no,yes,no,no,no,no,no,no,no,yes,no,no,no,yes,no,no,no,no,no,no,no,no,no,no,no,no,no,no,no,no,no,no,no,no,https://www.evernote.com/shard/s3/nl/584496/f1a44155-0cf5-4c0b-9888-a5df791e0d07/
Come On Eileen,Dexys Midnight Runners,6/12/1982,no,no,yes,no,no,yes,no,no,no,no,no,no,yes,yes,no,no,no,no,no,yes,no,no,no,no,no,no,no,no,no,no,no,no,no,no,no,no,no,https://www.evernote.com/shard/s3/nl/584496/4cdacee3-3733-47c8-a135-c93fe4361442/
Thinking Of You,Dierks Bentley,2/7/2012,no,no,no,no,yes,no,yes,yes,no,no,no,no,no,no,yes,no,no,no,no,no,no,no,no,no,no,no,no,no,no,no,no,no,no,no,no,no,no,https://www.evernote.com/shard/s3/nl/584496/6a2069ff-d0ca-464b-9b97-fd157ad18a30/
Romeo and Juliet,Dire Straits,1/9/1981,no,no,no,yes,no,no,yes,no,no,no,no,no,no,no,no,yes,no,no,no,no,no,no,no,no,no,no,no,no,no,no,no,no,no,no,no,no,no,https://www.evernote.com/shard/s3/nl/584496/70f4230b-5770-4090-9de2-d032f984ba1d/
Kiss the Girl (Little Mermaid),Disney,11/17/1989,no,no,no,no,yes,no,yes,yes,no,no,no,no,no,no,no,no,no,no,no,no,no,no,no,no,no,no,no,no,no,no,no,no,no,no,no,no,no,https://www.evernote.com/shard/s3/nl/584496/916964e8-6258-4a1d-8ebc-dde0d82d7ae4/
Bang Bang,Dispatch,9/1/1997,no,no,no,yes,no,no,no,no,no,no,no,no,no,no,no,yes,no,no,no,no,no,no,no,no,no,no,no,no,no,no,no,no,no,no,no,yes,no,https://www.evernote.com/shard/s3/nl/584496/68c04258-b60f-4d54-9528-3ef0e09547a8/
Here We Go,Dispatch,9/1/1997,yes,no,yes,no,no,no,no,no,no,no,no,no,no,no,no,yes,no,no,no,no,no,no,no,no,no,no,no,no,no,no,no,no,no,no,no,yes,no,https://www.evernote.com/shard/s3/nl/584496/3a3f3300-57b2-44f2-b06c-99e4aa33c98f/
Cowboy Take Me Away,Dixie Chicks,11/8/1999,no,no,no,yes,no,yes,no,no,no,no,no,no,no,no,yes,no,no,no,no,no,no,no,no,no,no,no,no,no,no,no,no,no,no,no,no,no,no,https://www.evernote.com/shard/s3/nl/584496/9af5319b-9ea4-4a18-a778-68c7d8f98a83/
Wide Open Spaces,Dixie Chicks,7/28/1998,no,no,no,yes,no,yes,no,no,no,no,no,no,no,no,yes,no,no,no,no,no,no,no,no,no,no,no,no,no,no,no,no,no,no,no,no,no,no,https://www.evernote.com/shard/s3/nl/584496/c60d2660-4eba-438c-a13d-553f021949ae/
Jolene,Dolly Parton,10/1/1973,no,no,no,yes,no,no,no,no,no,no,no,no,no,yes,yes,no,no,no,no,no,no,no,no,no,no,no,no,no,no,no,no,no,no,no,no,no,no,https://www.evernote.com/shard/s3/nl/584496/aba334d0-a194-4120-b769-a56e53c6c7ee/
Son Of It All,Don McClosky,3/13/2007,no,no,yes,no,no,no,no,no,no,no,no,no,yes,no,no,no,no,yes,no,no,no,no,no,no,no,no,no,no,no,no,no,no,no,no,no,no,no,https://www.evernote.com/shard/s3/nl/584496/272ea7e4-80b5-41d3-8e19-b4a8436f80b5/
American Pie,Don McLean,5/26/1971,no,no,yes,no,no,yes,no,no,no,no,no,no,yes,no,no,yes,no,no,no,no,no,no,no,no,no,no,no,no,no,no,no,no,no,no,no,no,no,https://www.evernote.com/shard/s3/nl/584496/ae1691b3-e086-42e0-be06-9e1cd3219b97/
Black Water,Doobie Brothers,3/13/1974,no,no,no,yes,no,no,no,no,no,no,no,no,no,no,yes,yes,no,no,no,no,no,no,no,no,no,no,no,no,no,no,no,no,no,no,no,no,no,https://www.evernote.com/shard/s3/nl/584496/36293ab9-f70e-49e5-b07f-39c2ce1df110/
Under The Boardwalk,Drifters,6/1/1964,no,no,no,yes,no,yes,no,no,no,no,no,no,no,yes,no,no,no,no,no,yes,no,no,no,no,no,no,no,no,no,no,no,no,no,no,no,no,no,https://www.evernote.com/shard/s3/nl/584496/4cdf1640-a05c-4e1d-b2e1-21871664de5f/
Don't start now,Dua Lipa,10/31/2019,no,no,yes,no,no,no,no,no,no,no,no,no,no,yes,no,no,no,no,no,no,no,no,no,no,no,no,no,no,no,no,no,no,no,no,no,no,no,no
New Rules,Dua Lipa,7/15/2017,no,no,no,yes,no,no,no,no,no,no,no,no,no,yes,no,no,no,no,no,no,no,no,no,no,no,no,no,no,no,no,no,no,no,no,no,no,no,https://www.evernote.com/shard/s3/nl/584496/858a8ea0-6562-436c-bc47-a99bdb977115/
Whiskey In The Jar,Dubliners,1/1/1968,no,no,yes,no,no,yes,no,no,no,no,no,no,yes,no,no,no,no,no,no,no,no,no,no,no,no,no,no,no,no,no,no,no,no,no,no,no,no,https://www.evernote.com/shard/s3/nl/584496/cc09641d-536e-4036-8d62-63bf28930600/
Galway Girl,Ed Sheeran,2/17/2017,no,no,yes,no,no,no,yes,no,no,no,no,no,yes,yes,no,no,no,no,no,no,no,no,no,no,no,no,no,no,no,no,no,no,no,no,no,no,no,https://www.evernote.com/shard/s3/nl/584496/9e5c1f6e-4239-490e-8027-4417e5162ea3/
How Would You Feel,Ed Sheeran,2/17/2017,no,no,no,no,yes,no,yes,no,no,yes,no,no,no,yes,no,no,no,no,no,yes,no,no,no,no,no,no,no,no,no,no,no,no,no,no,no,no,no,https://www.evernote.com/shard/s3/nl/584496/2293dc8d-f3c5-40dd-ad57-10b22a2461bd/
The A Team,Ed Sheeran,6/12/2011,no,no,no,yes,no,no,no,no,no,no,no,no,yes,no,no,no,yes,no,no,no,no,no,no,no,no,no,no,no,no,no,no,no,no,no,no,no,no,https://www.evernote.com/shard/s3/nl/584496/421ca0ea-238b-4191-ab1c-dbaf932e53d8/
Tuolumne,Eddie Vedder,9/18/2007,no,no,no,no,yes,no,no,no,no,no,no,no,yes,no,no,yes,no,no,no,no,no,no,no,no,no,no,no,no,no,no,no,no,no,no,no,no,no,https://www.evernote.com/shard/s3/nl/584496/83135c4d-3da3-4956-9125-c58d9d3cbb31/
You're True,Eddie Vedder,5/31/2011,no,no,no,yes,no,no,yes,yes,yes,yes,no,no,yes,no,no,yes,no,no,no,no,no,no,no,no,no,no,no,no,no,no,no,no,no,no,no,no,no,https://www.evernote.com/shard/s3/nl/584496/6c3b001a-89ac-42b9-a9ea-9d42e70c5473/
Home,Edward Sharpe & the Magnetic Zeros,7/7/2009,yes,no,no,yes,no,no,yes,no,no,no,no,no,yes,no,no,no,yes,no,no,no,no,no,no,no,no,no,no,no,no,no,no,no,no,no,no,no,no,https://www.evernote.com/shard/s3/nl/584496/5eb0a736-2584-40ee-85d3-9f720f44dbfc/
I'll be,Edwin McCain,1/26/1998,no,no,no,no,yes,no,yes,no,no,yes,no,no,no,no,no,yes,yes,no,no,no,no,no,no,no,no,no,no,no,no,no,no,no,no,no,no,no,no,no
Can you feel the love tonight,Elton John,5/12/1994,no,no,no,no,yes,no,yes,no,no,no,no,no,no,yes,no,yes,no,no,no,no,no,no,no,no,no,no,no,no,no,no,no,no,no,no,no,no,no,no
Daniel,Elton John,3/26/1973,no,no,no,no,yes,no,no,no,no,no,no,no,no,no,no,yes,no,no,no,no,no,no,no,no,no,no,no,no,no,no,no,no,no,no,no,no,no,https://www.evernote.com/shard/s3/nl/584496/5e67a018-a6e6-4d5e-893b-41b2ac1691c4/
Jailhouse Rock,Elvis Presley,9/24/1957,no,no,yes,no,no,no,no,no,no,no,no,no,no,no,no,yes,no,no,no,no,no,no,no,no,no,no,no,no,no,no,no,no,no,no,no,no,no,https://www.evernote.com/shard/s3/nl/584496/7f25770c-bf07-446a-874f-3866ba82fb37/
Take My Hand (The Wedding Song),Emily Hackett,1/1/2014,no,no,no,yes,no,no,yes,yes,no,no,no,no,yes,no,no,no,no,no,no,no,no,no,no,no,no,no,no,no,no,no,no,no,no,no,no,no,no,https://www.evernote.com/shard/s3/nl/584496/5ebcd3b1-bd1f-44b1-88d0-88be5ff37783/
Wonderful Tonight,Eric Clapton,11/25/1977,no,no,no,no,yes,no,yes,no,no,no,no,no,no,no,no,yes,no,no,no,no,no,no,no,no,no,no,no,no,no,no,no,no,no,no,no,no,no,https://www.evernote.com/shard/s3/nl/584496/bb9efe8c-d6d2-4c61-8c2f-767072ecda43/
At Last,Etta James,11/15/1960,yes,no,no,no,yes,no,yes,yes,no,no,no,no,no,no,no,no,no,no,no,yes,no,no,no,no,no,yes,no,no,no,no,no,no,no,no,no,no,no,https://www.evernote.com/shard/s3/nl/584496/06cce6aa-38ad-4660-b6e5-423a686263ab/
Santa Monica,Everclear,12/5/1995,no,no,yes,yes,no,no,no,no,no,no,no,no,no,no,no,yes,no,yes,no,no,no,yes,no,no,no,no,no,no,no,no,no,no,no,no,no,no,no,https://www.evernote.com/shard/s3/nl/584496/f660f4e7-9f3a-4dab-a890-d9cbb107b235/
More Than Words,Extreme,3/23/1991,yes,no,no,yes,yes,yes,yes,no,no,no,no,no,yes,no,no,yes,no,no,no,no,no,no,yes,no,no,no,no,no,no,no,no,no,no,no,no,no,no,https://www.evernote.com/shard/s3/nl/584496/d4ec5c4b-621f-4367-87a4-113fd4cb726d/
1234,Feist,4/23/2007,yes,no,no,no,yes,no,no,no,no,no,no,no,no,yes,no,yes,yes,no,no,no,no,no,no,no,no,no,no,no,no,no,no,no,no,no,no,no,no,https://www.evernote.com/shard/s3/nl/584496/3dea7d7f-019e-4b2e-bbb3-a599c7e24d6e/
Mushaboom,Feist,5/18/2004,yes,no,no,yes,no,no,no,no,no,no,no,no,no,yes,no,yes,yes,no,no,no,no,no,no,no,no,no,no,no,no,no,no,no,no,no,no,no,no,https://www.evernote.com/shard/s3/nl/584496/196b2919-3fab-45a3-8929-a4646a5d74ec/
Do you realize??,Flaming Lips,8/19/2002,no,no,no,yes,no,no,no,no,yes,no,no,no,no,no,no,yes,yes,yes,no,no,no,no,no,no,no,no,no,no,no,no,no,no,no,no,no,no,no,https://www.evernote.com/shard/s3/nl/584496/dcaf6b78-6b5c-44a9-96ae-a24ee574d511/
The Most Beautiful Girl In The Room,Flight Of The Conchords,4/21/2008,no,no,no,yes,no,no,no,no,no,no,no,no,yes,no,no,no,no,yes,no,no,no,no,no,no,no,no,no,no,no,no,no,no,no,no,no,no,no,https://www.evernote.com/shard/s3/nl/584496/9d7bb00c-72a6-4a22-a7cb-e68909d330c2/
Handlebars,Flobots,4/11/2008,no,no,yes,no,no,no,no,no,no,no,no,no,no,no,no,no,no,yes,no,no,no,no,no,no,no,no,no,no,no,no,no,no,yes,no,no,no,no,https://www.evernote.com/shard/s3/nl/584496/df6b20b4-b212-45d1-a845-84b013387422/
My Hero,Foo Fighters,1/19/1998,no,no,no,yes,no,no,no,no,no,no,yes,yes,no,no,no,yes,no,yes,no,no,no,no,no,no,no,no,no,no,no,no,no,no,no,no,no,no,no,https://www.evernote.com/shard/s3/nl/584496/4c1b1283-c944-415e-957b-cd22a2a65eca/
Come Fly With Me,Frank Sinatra,1/6/1958,no,no,no,yes,no,no,no,no,no,no,no,no,no,yes,no,no,no,no,no,no,no,no,no,no,no,no,yes,no,no,no,no,no,no,no,no,no,no,https://www.evernote.com/shard/s3/nl/584496/f62003b7-c971-4caf-bc45-3e97ea8c5b5b/
My Way,Frank Sinatra,1/1/1969,no,no,no,yes,no,no,no,no,no,no,no,no,no,yes,no,no,no,no,no,no,no,no,no,no,no,no,no,no,no,no,no,no,no,no,no,no,no,https://www.evernote.com/shard/s3/nl/584496/95519f39-5ca9-4fb8-b352-887999fc9f6b/
Witchcraft,Frank Sinatra,1/1/1963,no,no,no,yes,yes,no,no,no,no,no,no,no,no,yes,no,no,no,no,no,no,no,no,no,no,no,no,yes,no,no,no,no,no,no,no,no,no,no,https://www.evernote.com/shard/s3/nl/584496/4fc08cde-61b6-4cd3-8077-ab84b9de2cd2/
Some Nights,Fun.,6/4/2012,no,no,yes,no,no,yes,no,no,no,no,no,no,no,yes,no,yes,yes,no,no,no,no,no,no,no,no,no,no,no,no,no,no,no,no,no,no,no,no,https://www.evernote.com/shard/s3/nl/584496/d1ee2aeb-25c2-4ea1-9ad4-930f64df5fd4/
Gimme Some Lovin,G Love & Special Sauce,8/3/1999,no,no,no,yes,no,no,no,no,no,no,no,no,no,no,no,yes,no,no,no,no,yes,no,no,no,no,no,no,no,no,no,no,no,no,no,no,no,no,https://www.evernote.com/shard/s3/nl/584496/8f9363d6-3db7-4f8a-8453-e4f05aa0dd02/
Kick drum,G Love & Special Sauce,8/3/1999,no,no,no,yes,no,no,no,no,no,no,no,no,no,no,no,no,no,yes,no,no,no,no,no,no,no,yes,no,no,no,no,no,no,yes,no,no,no,no,https://www.evernote.com/shard/s3/nl/584496/8cabfebf-f986-4a10-8a6e-9c8b2fbfd544/
Annabelle,Gillian Welch,4/9/1996,yes,no,no,no,yes,no,no,no,no,no,no,no,yes,no,yes,no,no,no,no,no,no,no,no,no,no,no,no,no,no,no,no,no,no,no,no,no,no,https://www.evernote.com/shard/s3/nl/584496/d0bf4f7f-3ba4-4e54-812c-0f0adfe7589d/
Look At Miss Ohio,Gillian Welch,6/3/2003,no,no,no,yes,no,yes,no,no,no,no,no,no,yes,no,yes,no,no,no,no,no,no,no,no,no,no,no,no,no,no,no,no,no,no,no,no,no,no,https://www.evernote.com/shard/s3/nl/584496/ad660a42-e52d-43b0-beb6-a2773a05ee04/
Falling Slowly,Glen Hansard,4/21/2006,yes,no,no,no,yes,no,no,no,no,no,no,no,yes,no,no,no,yes,no,no,no,no,no,no,no,no,no,no,no,no,no,no,no,no,no,no,no,no,https://www.evernote.com/shard/s3/nl/584496/ec7ca8e2-79c2-4471-8d30-c04b053bc32e/
Come To Me,Goo Goo Dolls,7/23/2013,no,no,no,yes,no,no,yes,yes,no,no,no,no,no,yes,no,yes,no,no,no,no,no,no,no,no,no,no,no,no,no,no,no,no,no,no,no,no,no,https://www.evernote.com/shard/s3/nl/584496/a0eb228b-d6f7-4ad3-939f-2db3c71071fe/
Touch Of Grey,Grateful Dead,7/6/1987,no,no,no,yes,no,no,no,no,no,no,no,no,no,no,no,yes,no,no,no,no,no,no,no,no,no,no,no,no,no,no,no,no,no,no,no,yes,no,https://www.evernote.com/shard/s3/nl/584496/6768bd7f-07bb-4837-a1b9-71da91a240fa/
Living Proof,Gregory Alan Isakov,1/1/2013,no,no,no,yes,no,no,no,no,no,no,no,no,yes,no,no,no,no,no,no,no,no,no,no,no,no,no,no,no,no,no,no,no,no,no,no,no,no,https://www.evernote.com/shard/s3/nl/584496/1a5f2a3c-af25-4eee-9499-da94f1da4055/
The Universe,Gregory Alan Isakov,1/1/2013,no,no,no,no,yes,no,no,no,no,no,no,no,yes,no,no,no,no,no,no,no,no,no,no,no,no,no,no,no,no,no,no,no,no,no,no,no,no,no
Demons,Guster,3/4/1997,yes,no,yes,yes,no,no,no,no,no,no,no,no,no,no,no,yes,no,no,no,no,no,no,no,no,no,no,no,no,no,no,no,no,no,no,no,no,no,https://www.evernote.com/shard/s3/nl/584496/f3ac6130-e078-46c8-8e22-ccfaff7be0a7/
You make my dreams,Hall & Oates,4/1/1981,no,no,yes,no,no,no,yes,no,yes,no,no,no,no,no,no,yes,no,no,no,no,no,no,no,no,no,no,no,no,no,no,no,no,no,no,no,no,no,no
Without Me,Halsey,10/4/2018,no,no,no,yes,no,no,no,no,no,no,no,no,no,yes,no,no,no,no,no,no,no,no,no,yes,no,no,no,no,no,no,no,no,no,no,no,no,no,https://www.evernote.com/shard/s3/nl/584496/fe3ee02a-70e9-4ea7-ae77-0edd7ec98f14/
Cats In The Cradle,Harry Chapin,8/24/1974,no,no,no,yes,no,no,no,no,no,no,no,no,yes,no,no,yes,no,no,no,no,no,no,no,no,no,no,no,no,no,no,no,no,no,no,no,no,no,https://www.evernote.com/shard/s3/nl/584496/7377eb66-2095-44b9-8d20-38ae2da1a005/
Lost In My Mind,Head and the Heart,4/19/2011,yes,no,yes,yes,no,no,no,no,no,no,no,no,yes,no,no,yes,no,no,no,no,no,no,no,no,no,no,no,no,no,no,no,no,no,no,no,no,no,https://www.evernote.com/shard/s3/nl/584496/551952a0-31b4-497c-bd61-c9ab4ea09576/
I Loved Her First,Heartland,6/5/2006,no,no,no,yes,yes,no,yes,no,no,no,yes,no,no,no,yes,no,no,no,no,no,no,no,no,no,no,no,no,no,no,no,no,no,no,no,no,no,no,https://www.evernote.com/shard/s3/nl/584496/82c9ee6e-0d39-4d90-ba66-50bc51cd0e78/
I'm into something good,Herman's Hermits,8/7/1964,no,no,yes,no,no,no,yes,no,yes,no,no,no,no,yes,no,no,no,no,no,no,no,no,no,no,no,no,no,no,no,no,no,no,no,no,no,no,no,https://www.evernote.com/shard/s3/nl/584496/71001ba5-8f6b-4dcb-9996-ba057b14483d/
"He Ain't Heavy, He's My Brother",Hollies,11/1/1969,no,no,no,yes,no,no,no,no,no,no,no,no,no,yes,no,yes,no,no,no,no,no,no,no,no,no,no,no,no,no,no,no,no,no,no,no,no,no,https://www.evernote.com/shard/s3/nl/584496/955206d5-c79a-44cd-8cd7-a6017743d91e/
Hold My Hand,Hootie and the Blowfish,7/18/1994,no,no,yes,no,no,yes,no,no,yes,no,no,no,no,no,no,yes,no,no,no,no,no,no,no,no,no,no,no,no,no,no,no,no,no,no,no,no,no,https://www.evernote.com/shard/s3/nl/584496/45199cd3-4537-47a5-9b03-15de61fd4071/
On The Road,Houndmouth,1/1/2013,yes,no,no,yes,no,no,no,no,no,no,no,no,yes,no,no,no,yes,no,no,no,no,no,no,no,no,no,no,no,no,no,no,no,no,no,no,no,no,https://www.evernote.com/shard/s3/nl/584496/f7446568-6b7d-41e0-ae3a-c80e0bd15a6e/
Work Song,Hozier,9/19/2014,no,no,no,no,yes,no,no,no,no,no,no,no,no,no,no,yes,yes,no,no,yes,no,no,no,no,no,no,no,no,no,no,no,no,no,no,no,no,no,https://www.evernote.com/shard/s3/nl/584496/76625378-450e-4edd-adcb-03ecb2d8d234/
Cruisin',Huey Lewis & Gwyneth Paltro,9/9/2000,yes,no,no,yes,no,no,yes,no,no,no,no,no,no,yes,no,no,no,no,no,yes,no,no,no,yes,no,no,no,no,no,no,no,no,no,no,no,no,no,https://www.evernote.com/shard/s3/nl/584496/ae26b627-ee38-43c2-ab0f-149ec43b7979/
It's Time,Imagine Dragons,8/18/2012,no,no,yes,yes,no,no,no,no,no,no,no,no,no,no,no,yes,yes,no,no,no,no,no,no,no,no,no,no,no,no,no,no,no,no,no,no,no,no,https://www.evernote.com/shard/s3/nl/584496/53d09548-50bb-41c8-86e3-93b02afb5dad/
Next To Me,Imagine Dragons,2/21/2018,no,no,no,yes,no,no,yes,no,yes,no,no,no,no,yes,no,yes,no,no,no,no,no,no,no,no,no,no,no,no,no,no,no,no,no,no,no,no,no,https://www.evernote.com/shard/s3/nl/584496/c7bd479f-402a-4749-b598-8e13f5e6aa3d/
Drive,Incubus,11/20/2000,no,no,no,yes,no,no,no,no,no,no,no,no,no,no,no,yes,no,yes,no,no,no,no,no,no,no,no,no,no,no,no,no,no,no,no,no,no,no,https://www.evernote.com/shard/s3/nl/584496/381c7f49-0703-41b3-b1fd-9bb55fb33652/
You and I,Ingrid Michaelson,10/14/2008,yes,no,no,yes,no,yes,no,no,no,no,no,no,no,yes,no,no,yes,no,no,no,no,no,no,no,no,no,no,no,no,no,no,no,no,no,no,no,no,https://www.evernote.com/shard/s3/nl/584496/4b7a8e0f-df89-4bb0-a600-dea89e85eb33/
"Flightless Bird, American Mouth",Iron and Wine,9/25/2007,no,no,no,no,yes,no,yes,no,no,yes,no,no,yes,no,no,yes,no,no,no,no,no,no,no,no,no,no,no,no,no,no,no,no,no,no,no,no,no,https://www.evernote.com/shard/s3/nl/584496/d7dc7186-c8bd-401c-bc76-f88effad7fa7/
The Trapeze Swinger,Iron and Wine,5/19/2009,no,no,no,no,yes,no,no,no,no,no,no,no,yes,no,no,yes,no,no,no,no,no,no,no,no,no,no,no,no,no,no,no,no,no,no,no,no,no,https://www.evernote.com/shard/s3/nl/584496/254bfa1e-2eb8-4563-a9b2-d93557dbe4b4/
Replay,Iyaz,7/7/2009,no,no,no,yes,no,no,no,no,no,no,no,no,no,no,no,no,no,no,yes,no,no,no,no,yes,no,no,no,no,no,no,no,no,no,no,no,no,no,https://www.evernote.com/shard/s3/nl/584496/a5505532-65a0-4e2e-a774-7a88317602a1/
Breakdown,Jack Johnson,3/1/2005,no,no,no,yes,no,no,no,no,no,no,no,no,yes,no,no,yes,no,no,no,no,no,no,yes,no,no,no,no,no,no,no,no,no,no,no,no,no,no,https://www.evernote.com/shard/s3/nl/584496/f6cdd467-c606-4dd3-adab-bb84ee93cc71/
Cookie Jar,Jack Johnson,5/6/2003,no,no,yes,no,no,no,no,no,no,no,no,no,yes,no,no,yes,no,no,no,no,no,no,yes,no,no,no,no,no,no,no,no,no,no,no,no,no,no,https://www.evernote.com/shard/s3/nl/584496/a846a66e-027d-414d-a410-20e06f577211/
Dreams Be Dreams,Jack Johnson,5/6/2003,no,no,no,yes,yes,no,no,no,no,no,no,no,yes,no,no,yes,no,no,no,no,no,no,yes,no,no,no,no,no,no,no,no,no,no,no,no,no,no,https://www.evernote.com/shard/s3/nl/584496/81de55eb-ae03-47a7-9d77-8cbd110d4174/
Holes To Heaven,Jack Johnson,5/6/2003,no,no,yes,no,no,no,no,no,no,no,no,no,yes,no,no,yes,no,no,no,no,no,no,no,no,no,no,no,no,no,no,no,no,no,no,no,no,no,https://www.evernote.com/shard/s3/nl/584496/8562431e-4a01-4711-9f83-bff180366480/
Inaudible Melodies,Jack Johnson,2/1/2001,no,no,no,no,yes,no,no,no,no,no,no,no,yes,no,no,yes,no,no,no,no,no,no,yes,no,no,no,no,no,no,no,no,no,no,no,no,no,no,https://www.evernote.com/shard/s3/nl/584496/201d9098-fbe4-4312-8f04-5cbd1b86732a/
No Other Way,Jack Johnson,3/1/2005,no,no,no,no,yes,no,no,no,no,no,no,no,yes,no,no,yes,no,no,no,no,no,no,yes,no,no,no,no,no,no,no,no,no,no,no,no,no,no,https://www.evernote.com/shard/s3/nl/584496/3afd2ca3-0762-4b3d-aa50-32272ebeaba5/
Posters,Jack Johnson,2/1/2001,no,no,no,yes,no,no,no,no,no,no,no,no,yes,no,no,yes,no,no,no,no,no,no,no,no,no,no,no,no,no,no,no,no,no,yes,no,no,no,https://www.evernote.com/shard/s3/nl/584496/996ad6c0-2e26-4140-a5d5-e85f2a0ede98/
Sexy Plexi,Jack Johnson,2/1/2001,no,no,no,yes,no,no,no,no,no,no,no,no,yes,no,no,yes,no,no,no,no,no,no,no,no,no,no,no,no,no,no,no,no,no,no,no,no,no,https://www.evernote.com/shard/s3/nl/584496/5c0279db-c4a2-4b0e-859a-95abfcae3fce/
Sitting Waiting Wishing,Jack Johnson,3/1/2005,no,no,no,yes,no,no,no,no,no,no,no,no,yes,no,no,yes,no,no,no,no,no,no,yes,no,no,no,no,no,no,no,no,no,no,no,no,no,no,https://www.evernote.com/shard/s3/nl/584496/35bb545d-9abd-43f8-8f63-1c3ead86ba9d/
Supposed to be,Jack Johnson,2/7/2006,no,no,no,yes,no,no,no,no,no,no,no,no,yes,yes,no,no,no,no,no,no,no,no,no,no,no,no,no,no,no,no,no,no,no,no,no,no,no,https://www.evernote.com/shard/s3/nl/584496/0162a1b2-3cf9-4c96-9aa4-3fd7cb43d49d/
Taylor,Jack Johnson,5/6/2003,no,no,yes,no,no,no,no,no,no,no,no,no,yes,no,no,yes,no,no,no,no,no,no,yes,no,no,no,no,no,no,no,no,no,no,no,no,no,no,https://www.evernote.com/shard/s3/nl/584496/aa15b955-1fd1-4440-8d87-35a459fe0f3e/
Times Like These,Jack Johnson,5/6/2003,no,no,no,no,yes,no,no,no,no,no,no,no,yes,no,no,yes,no,no,no,no,no,no,yes,no,no,no,no,no,no,no,no,no,no,no,no,no,no,https://www.evernote.com/shard/s3/nl/584496/c79639e6-b4c6-492b-ad12-f2aa57e53800/
What You Thought You Need,Jack Johnson,2/5/2008,no,no,no,yes,no,no,yes,no,no,yes,no,no,yes,no,no,yes,no,no,no,no,no,no,no,no,no,no,no,no,no,no,no,no,no,yes,no,no,no,https://www.evernote.com/shard/s3/nl/584496/7699a7ab-4d62-4c23-844d-95ced2d9b669/
Country Road,James Taylor,2/1/1970,no,no,no,yes,no,no,no,no,no,no,no,no,yes,no,yes,yes,no,no,no,no,no,no,no,no,no,no,no,no,no,no,no,no,no,no,no,no,no,https://www.evernote.com/shard/s3/nl/584496/0190b5af-b5d6-40ad-8905-a8a5ae4f4a95/
Mexico,James Taylor,5/1/1975,no,no,yes,no,no,no,no,no,no,no,no,no,yes,no,no,yes,no,no,no,no,no,no,no,no,no,no,no,no,no,no,no,no,no,no,no,no,no,https://www.evernote.com/shard/s3/nl/584496/db3f041e-8878-4153-be1d-8639866b005a/
You Can Close Your Eyes,James Taylor,3/16/1971,yes,no,no,no,yes,no,no,no,no,no,no,no,yes,no,no,yes,no,no,no,no,no,no,no,no,no,no,no,no,no,no,no,no,no,no,no,no,no,https://www.evernote.com/shard/s3/nl/584496/4a999099-b3c6-482d-a4c5-e93a315de221/
0% Interest,Jason Mraz,8/30/2001,no,no,no,yes,no,no,no,no,no,no,no,no,no,yes,no,no,no,no,no,no,no,no,no,no,no,no,no,no,no,no,no,no,no,no,no,no,no,https://www.evernote.com/shard/s3/nl/584496/e2ec353f-d984-45bc-9c12-df6a039c7407/
Everything Is Sound,Jason Mraz,4/13/2012,no,no,yes,yes,no,yes,no,no,no,no,no,no,no,yes,no,yes,no,yes,no,no,no,no,no,no,no,no,no,no,no,no,no,no,no,no,no,no,no,https://www.evernote.com/shard/s3/nl/584496/9b1b7851-6220-4d41-9917-7973cb106c26/
Hello You Beautiful Thing,Jason Mraz,7/11/2014,no,no,no,yes,no,no,yes,no,no,no,no,no,no,yes,no,yes,no,no,no,no,no,no,no,no,no,no,no,no,no,no,no,no,no,no,no,no,no,https://www.evernote.com/shard/s3/nl/584496/832dba35-86e4-4616-ab5a-b902083ba153/
The Remedy (I Won't Worry),Jason Mraz,3/11/2003,no,no,yes,no,no,no,no,no,no,no,no,no,no,yes,no,yes,no,no,no,no,no,no,no,no,no,no,no,no,no,no,no,no,no,no,no,no,no,https://www.evernote.com/shard/s3/nl/584496/cdac2151-f523-4584-88e0-cac061dda225/
Price Tag,Jessie J,1/25/2011,no,no,no,yes,no,no,no,no,no,no,no,no,no,no,no,no,no,no,yes,no,no,no,no,no,no,no,no,no,no,no,no,no,yes,no,no,no,no,https://www.evernote.com/shard/s3/nl/584496/4f5bbcdf-d208-488b-b7d5-fec2de39f107/
Come Monday,Jimmy Buffett,2/1/1974,no,no,no,no,yes,no,no,no,no,no,no,no,no,no,yes,no,no,no,no,no,no,no,no,no,no,no,no,no,no,no,no,no,no,no,no,no,no,https://www.evernote.com/shard/s3/nl/584496/e9ac61df-16b1-425d-8dbb-10916ffbd18a/
Pachelbel's Canon (Canon in D),Johann Pachelbel,1/1/1960,no,no,no,no,yes,no,no,yes,no,no,no,no,no,no,no,no,no,no,no,no,no,no,no,no,no,no,no,no,no,no,no,no,no,no,no,no,yes,https://www.evernote.com/shard/s3/nl/584496/535177ac-c181-4fda-ade8-1074ec80b358/
Island Style (feat. Jackson Browne),John Cruz,1/1/1996,no,no,no,yes,no,no,no,no,no,no,no,no,no,no,no,no,no,no,yes,yes,no,no,yes,no,no,no,no,no,no,no,no,no,no,no,no,no,no,https://www.evernote.com/shard/s3/nl/584496/832caecd-ba7b-44dd-bb95-625cace1a995/
Beautiful Boy,John Lennon,4/11/1981,no,no,no,no,yes,no,yes,no,no,no,no,yes,no,yes,no,yes,no,no,no,no,no,no,no,no,no,no,no,no,no,no,no,no,no,no,no,no,no,https://www.evernote.com/shard/s3/nl/584496/2669c4ca-4b68-461a-a5c4-ffdf0f00edcd/
Comfortable,John Mayer,9/24/1999,no,no,no,no,yes,no,yes,no,no,no,no,no,yes,no,no,yes,no,no,no,no,no,no,yes,no,no,no,no,no,no,no,no,no,no,no,no,no,no,https://www.evernote.com/shard/s3/nl/584496/db863f50-3ae6-443e-9f0d-034921e4c4be/
I guess I just feel like,John Mayer,1/1/2019,no,no,no,yes,no,no,no,no,no,no,no,no,no,no,no,yes,no,yes,no,no,no,no,no,no,no,no,no,no,no,no,no,no,no,no,no,no,no,no
Slow Dancing In A Burning Room,John Mayer,9/12/2006,no,no,no,no,yes,no,yes,no,no,no,no,no,no,yes,no,yes,no,no,no,no,no,no,no,no,no,yes,no,no,no,no,no,no,no,no,no,no,no,https://www.evernote.com/shard/s3/nl/584496/7de8a5c3-e2a6-4efd-a20c-557ea5cce69b/
Who Says,John Mayer,10/13/2009,no,no,no,yes,no,no,no,no,no,no,no,no,no,no,no,yes,no,no,no,no,no,no,yes,no,no,yes,no,no,no,no,no,no,no,no,no,no,no,https://www.evernote.com/shard/s3/nl/584496/5af99e82-33b6-402c-a284-8034407e25d4/
River,Joni Mitchell,6/1/1971,yes,no,no,no,yes,no,no,no,no,no,no,no,yes,no,no,no,no,no,no,no,no,no,no,no,no,no,no,no,no,no,no,no,no,no,no,no,no,https://www.evernote.com/shard/s3/nl/584496/2acaaec5-5413-4150-bd3c-6c394222b0d6/
Singles You Up,Jordan Davis,6/6/2017,no,no,yes,no,no,no,no,no,no,no,no,no,no,no,yes,no,no,no,no,no,no,no,no,no,no,no,no,no,no,no,no,no,no,no,no,no,no,https://www.evernote.com/shard/s3/nl/584496/291c473c-b5a8-41af-a2d5-f3b73bbb1ca1/
Homecoming,Josh Ritter,10/16/2015,no,no,no,yes,no,no,no,no,no,no,no,no,yes,no,no,yes,no,no,no,no,no,no,no,no,no,no,no,no,no,no,no,no,no,no,no,no,no,https://www.evernote.com/shard/s3/nl/584496/f1fdcd21-9a5c-4b5c-bee0-c5d6a9d79a3a/
Blow Away,Joshua Radin,9/9/2008,no,no,no,yes,no,no,yes,no,no,no,no,no,yes,no,no,yes,no,no,no,no,no,no,no,no,no,no,no,no,no,no,no,no,no,no,no,no,no,https://www.evernote.com/shard/s3/nl/584496/3f7bb700-643a-445d-b9d4-e7b15247a237/
Kicking Da Leaves,Judah & the Lion,1/1/2014,yes,no,yes,no,no,no,no,no,no,no,no,no,yes,no,no,yes,no,no,no,no,no,no,no,no,no,no,no,no,no,no,no,no,no,no,no,no,no,no
Pictures (feat. Kacey Musgraves),Judah & the Lion,1/1/2019,no,no,no,no,yes,no,no,no,no,no,no,no,yes,no,yes,no,no,no,no,no,no,no,no,no,no,no,no,no,no,no,no,no,no,no,no,no,no,https://www.evernote.com/shard/s3/nl/584496/fb1284df-ec9e-464c-98c5-6fac51772af8/
Cathedrals ,Jump Little Children,9/1/1998,no,no,no,no,yes,no,no,no,no,no,no,no,no,no,no,yes,yes,no,no,no,no,no,no,no,no,no,no,no,no,no,no,no,no,no,no,no,no,https://www.evernote.com/shard/s3/nl/584496/d3229f38-0f27-40cc-9975-e633f0d76970/
Can't Stop the Feeling,Justin Timberlake,5/6/2016,no,no,yes,no,no,no,no,no,no,no,no,no,no,yes,no,no,no,no,no,yes,no,no,no,no,yes,no,no,no,no,no,no,no,no,no,no,no,no,https://www.evernote.com/shard/s3/nl/584496/2313b448-7a10-4924-b075-473ab27020ff/
Waving Flag,K'Naan,3/18/2009,no,no,yes,no,no,no,no,no,no,no,no,no,no,no,no,no,no,no,yes,no,no,no,no,yes,no,no,no,no,yes,no,no,no,no,no,no,no,no,https://www.evernote.com/shard/s3/nl/584496/47622efb-73bf-4c94-9546-421c9051ef4c/
Biscuits,Kacey Musgraves,3/16/2015,no,no,no,yes,no,no,no,no,no,no,no,no,no,no,yes,no,no,no,no,no,no,no,no,no,no,no,no,no,no,no,no,no,no,no,no,no,no,https://www.evernote.com/shard/s3/nl/584496/15085a88-dd2c-430c-af49-208c4aabc13a/
Somebody To Love,Kacey Musgraves,6/23/2015,no,no,no,yes,no,no,no,no,no,no,no,no,no,no,yes,no,no,no,no,no,no,no,no,no,no,no,no,no,no,no,no,no,no,no,no,no,no,https://www.evernote.com/shard/s3/nl/584496/d08f8aa9-1424-410e-b3e7-7e83176583f5/
Velvet Elvis,Kacey Musgraves,3/30/2018,no,no,yes,yes,no,no,no,no,no,no,no,no,no,no,yes,no,no,no,no,no,no,no,no,no,no,no,no,no,no,no,no,no,no,no,no,no,no,no
All The Pretty Girls,Kaleo,6/10/2016,no,no,no,no,yes,no,no,no,no,no,no,no,no,no,no,no,yes,no,no,no,no,no,no,no,no,no,no,no,no,no,no,no,no,no,no,no,no,https://www.evernote.com/shard/s3/nl/584496/0ea92df9-012e-47df-83b6-53024e8bac74/
Dark Horse,Katy Perry,12/13/2017,no,no,yes,no,no,no,no,no,no,no,no,no,no,yes,no,no,no,no,no,no,no,no,no,no,no,no,no,no,no,no,no,no,no,no,no,no,no,https://www.evernote.com/shard/s3/nl/584496/037db8cf-baad-474f-b4d0-f7f68575e992/
Roar,Katy Perry,8/10/2013,no,no,yes,no,no,yes,no,no,no,no,no,no,no,yes,no,no,no,no,no,no,no,no,no,no,no,no,no,no,no,no,no,no,no,no,no,no,no,https://www.evernote.com/shard/s3/nl/584496/a863ff30-2bd7-4e04-8141-d24de9a7246f/
Blue Ain't Your Color,Keith Urban,8/8/2016,no,no,no,yes,yes,no,no,no,no,no,no,no,no,no,yes,no,no,no,no,no,no,no,no,no,no,yes,no,no,no,no,no,no,no,no,no,no,no,https://www.evernote.com/shard/s3/nl/584496/434a4fec-f1ea-44a4-aca6-733088b7c0b9/
Misread,Kings Of Convenience,6/21/2004,yes,no,no,yes,no,no,no,no,no,no,no,no,no,yes,no,no,yes,no,no,no,no,no,no,no,no,no,no,no,no,no,no,no,no,no,no,no,no,https://www.evernote.com/shard/s3/nl/584496/41f2a491-4901-4d55-baf3-dae72b2ef340/
Use Somebody,Kings Of Leon,12/9/2008,no,no,no,yes,no,no,no,no,no,no,no,no,no,no,no,yes,no,yes,no,no,no,no,no,no,no,no,no,no,no,no,no,no,no,no,no,no,no,https://www.evernote.com/shard/s3/nl/584496/9ee0d47b-e550-4d08-99ea-a0bc6a988da4/
Lava,Kuana Torres Kahle,6/14/2014,no,no,no,no,yes,no,yes,no,no,no,no,no,yes,yes,no,no,no,no,no,no,no,no,no,no,no,no,no,no,no,no,no,no,no,no,no,no,no,https://www.evernote.com/shard/s3/nl/584496/0dc33715-b64d-48e1-9967-3108efa50dc3/
Compass,Lady Antebellum,10/14/2013,no,no,yes,no,no,no,no,no,no,no,no,no,yes,no,yes,no,no,no,no,no,no,no,no,no,no,no,no,no,no,no,no,no,no,no,no,no,no,https://www.evernote.com/shard/s3/nl/584496/f9bf3a58-8f09-4ba2-b635-c36dbbec9b96/
Bad Romance,Lady Gaga,10/26/2009,no,no,yes,no,no,no,no,no,no,no,no,no,no,yes,no,no,no,no,no,no,no,no,no,no,no,no,no,yes,no,no,no,no,no,no,no,no,no,https://www.evernote.com/shard/s3/nl/584496/7c300f1e-083d-421c-92a4-d039476e1958/
Tangerine,Led Zeppelin,10/5/1970,no,no,no,yes,no,no,no,no,no,no,no,no,yes,no,no,yes,no,no,no,no,no,no,no,no,no,no,no,no,no,no,no,no,no,no,no,no,no,https://www.evernote.com/shard/s3/nl/584496/80d6a6d3-075b-43da-8383-28496ad519e7/
I Don't Dance,Lee Brice,2/18/2014,no,no,no,no,yes,no,yes,no,no,yes,no,no,no,no,yes,no,no,no,no,no,no,no,no,no,no,no,no,no,no,no,no,no,no,no,no,no,no,https://www.evernote.com/shard/s3/nl/584496/111fb344-8bb7-466e-8a84-8acb15fd3194/
You and Me,Lifehouse,1/28/2005,no,no,no,yes,no,no,yes,yes,no,no,no,no,no,no,no,yes,no,yes,no,no,no,no,no,no,no,no,no,no,no,no,no,no,no,no,no,no,no,https://www.evernote.com/shard/s3/nl/584496/c86fcd8d-deb7-430f-87a6-7b411c1f55fe/
What'll I Do,Lisa Hannigan,9/20/2011,yes,no,yes,no,no,no,no,no,no,no,no,no,yes,no,no,no,yes,no,no,no,no,no,no,no,no,no,no,no,no,no,no,no,no,no,no,no,no,https://www.evernote.com/shard/s3/nl/584496/1e1116bd-fb8e-4dad-8cf6-3d4cfbefbcd6/
Ends Of The Earth,Lord Huron,10/9/2012,yes,no,no,yes,yes,no,no,no,no,no,no,no,yes,no,no,no,yes,no,no,no,no,no,no,no,no,no,no,no,no,no,no,no,no,no,no,no,no,https://www.evernote.com/shard/s3/nl/584496/bc8c1aa5-b065-49e9-b144-b2445f398d3d/
Perfect Day,Lou Reed,11/1/1972,no,no,no,no,yes,no,no,no,no,no,no,no,no,no,no,yes,no,no,no,no,no,no,no,no,no,no,no,no,no,no,no,no,no,no,no,no,no,https://www.evernote.com/shard/s3/nl/584496/1665a04a-6a9c-442d-a190-2fd1f079bf05/
Daughter,Loudon Wainwright III,5/22/2007,no,no,no,yes,no,no,no,no,no,no,no,no,yes,no,no,yes,no,no,no,no,no,no,no,no,no,no,no,no,no,no,no,no,no,no,no,no,no,https://www.evernote.com/shard/s3/nl/584496/deb33df6-db48-41f5-abf7-5491eef7df5e/
Summer in the city,Lovin' Spoonful,7/4/1966,no,no,yes,no,no,no,no,no,no,no,no,no,no,yes,no,yes,no,no,no,no,no,no,no,no,no,no,no,no,no,no,no,no,no,no,no,no,no,no
Subversives,Lowest Of The Low,12/10/1991,no,no,no,yes,no,no,yes,no,no,no,no,no,no,no,no,yes,yes,no,no,no,no,no,no,no,no,no,no,no,no,no,no,no,no,no,no,no,no,https://www.evernote.com/shard/s3/nl/584496/2432dcbc-8ad0-4785-b29e-a8a38321fbb1/
I got away with you,Luke Combs,1/1/2018,no,no,no,yes,no,no,yes,no,no,no,no,no,no,no,yes,no,no,no,no,no,no,no,no,no,no,no,no,no,no,no,no,no,no,no,no,no,no,no
Light On,Maggie Rogers,1/18/2019,no,no,no,yes,no,no,no,no,no,no,no,no,no,yes,no,no,no,no,no,no,no,no,no,no,no,no,no,no,no,no,no,no,no,no,no,no,no,https://www.evernote.com/shard/s3/nl/584496/1b983380-6ef4-45fb-997c-7db793df9df1/
Sex and Candy,Marcy Playground,11/4/1997,no,no,no,yes,no,no,no,no,no,no,no,no,no,no,no,no,no,yes,no,no,no,no,no,no,no,no,no,no,no,no,no,no,no,no,no,no,no,https://www.evernote.com/shard/s3/nl/584496/d699c125-0bc5-4d37-b0bb-584c3d630b89/
True Companion,Mark Cohn,2/12/1991,no,no,no,no,yes,no,yes,no,no,yes,no,no,yes,no,yes,no,no,no,no,no,no,no,no,no,no,no,no,no,no,no,no,no,no,no,no,no,no,https://www.evernote.com/shard/s3/nl/584496/de53eac5-18cf-40d6-98cf-516f3657b847/
Payphone,Maroon 5,4/15/2012,no,no,yes,no,no,no,no,no,no,no,no,no,no,yes,no,no,no,no,no,no,no,no,no,yes,no,no,no,no,no,no,no,no,no,no,no,no,no,https://www.evernote.com/shard/s3/nl/584496/19b8664d-3ee4-4fa5-bb03-f51e4b98fa8f/
Ships In The Night,Mat Kearney,8/2/2011,yes,no,yes,no,no,no,no,no,no,no,no,no,no,yes,no,yes,no,no,no,no,no,no,no,no,no,no,no,no,no,no,no,no,yes,no,no,no,no,https://www.evernote.com/shard/s3/nl/584496/911808d0-719e-459d-be92-b7b6db042b0f/
One Day,Matisyahu,6/23/2009,no,no,yes,no,no,no,no,no,no,no,no,no,no,no,no,no,no,no,yes,no,no,no,no,no,no,no,no,no,no,no,no,no,yes,no,no,no,no,https://www.evernote.com/shard/s3/nl/584496/53e0e430-e280-4cee-830e-05efc8db34a6/
Let Me Down Easy,Max Frost,2/3/2015,no,no,no,yes,no,no,no,no,no,no,no,no,no,no,no,yes,yes,no,no,no,no,no,no,no,no,no,no,no,no,no,no,no,no,no,no,no,no,https://www.evernote.com/shard/s3/nl/584496/91c521ad-b98a-48d4-accc-a80d7d26f0da/
All about that bass,Meghan Trainor,6/30/2014,no,no,yes,no,no,yes,no,no,no,no,no,no,no,yes,no,no,no,no,no,no,no,no,no,yes,no,no,no,no,no,no,no,no,no,no,no,no,no,https://www.evernote.com/shard/s3/nl/584496/9761d05e-ac9f-42ee-8ab7-5cd6c73e48b9/
Friends,Meghan Trainor,5/6/2016,no,no,no,yes,no,no,no,no,no,no,no,no,no,yes,no,no,no,no,no,no,no,no,no,yes,no,no,no,no,no,no,no,no,no,no,no,no,no,https://www.evernote.com/shard/s3/nl/584496/ec248f97-d182-4877-9963-3f5ccc0f79d7/
Down under,Men at work,11/2/1981,no,no,no,yes,no,no,no,no,no,no,no,no,no,yes,no,yes,no,no,no,no,no,no,no,no,no,no,no,no,no,no,no,no,no,no,no,no,no,no
Married Life (Theme to Up),Michael Giacchino,1/1/2009,no,no,no,no,yes,no,yes,yes,no,no,no,no,no,no,no,no,no,no,no,no,no,no,no,no,no,no,no,no,no,no,no,no,no,no,no,no,yes,https://www.evernote.com/shard/s3/nl/584496/18036ef9-e448-45c8-b967-fbeaaa6cdee3/
I'm Getting Ready,Michael Kiwanuka,7/24/2011,yes,no,no,yes,no,no,no,no,no,no,no,no,no,no,no,no,no,no,no,yes,no,no,no,no,no,no,no,no,no,no,no,no,no,no,no,no,no,https://www.evernote.com/shard/s3/nl/584496/89c3d3a1-8900-46a0-9b81-b7765e86b2a9/
Simple and Sober,Mike + Ruthy Band,1/1/2015,no,no,no,yes,no,no,no,no,no,no,no,no,yes,no,no,no,no,no,no,no,no,no,no,no,no,no,no,no,no,no,no,no,no,no,no,no,no,https://www.evernote.com/shard/s3/nl/584496/e2951d52-6a58-41a6-ac83-a78c74e2b5a0/
I Took A Pill In Ibiza,Mike Posner,7/24/2015,no,no,no,yes,no,no,no,no,no,no,no,no,yes,yes,no,no,no,no,no,no,no,no,no,no,no,no,no,no,no,no,no,no,no,no,no,no,no,https://www.evernote.com/shard/s3/nl/584496/555be9b5-7d0c-4301-836a-9156d6ea9d49/
We Can't Stop,Miley Cyrus,6/3/2013,no,no,yes,yes,no,no,no,no,no,no,no,no,no,yes,no,no,no,no,no,no,no,no,no,no,no,no,no,yes,no,no,no,no,no,no,no,no,no,https://www.evernote.com/shard/s3/nl/584496/5320918c-f68c-43cb-a359-e8779e1b34f5/
Wrecking Ball,Miley Cyrus,8/25/2013,no,no,no,yes,no,no,no,no,no,no,no,no,no,yes,no,no,no,no,no,no,no,no,no,no,no,no,no,no,no,no,no,no,no,no,no,no,no,https://www.evernote.com/shard/s3/nl/584496/d19e3763-d990-4ef8-974d-47d1316732f5/
Whisper In Her Ear,Milk Carton Kids,1/1/2013,yes,no,no,no,yes,no,no,no,no,no,no,no,yes,no,no,no,no,no,no,no,no,no,no,no,no,no,no,no,no,no,no,no,no,no,no,no,no,https://www.evernote.com/shard/s3/nl/584496/43a4fd94-5cdd-42e9-9b93-8c7f463c174c/
Daydream Believer ,Monkees,4/22/1968,no,no,yes,no,no,yes,no,no,no,no,no,no,no,yes,no,yes,no,no,no,no,no,no,no,no,no,no,no,no,no,no,no,no,no,no,no,no,no,https://www.evernote.com/shard/s3/nl/584496/e7fdefdd-68ea-4dd4-8848-d619e700dd9c/
The Cave,Mumford and Sons,2/26/2010,no,no,yes,yes,no,no,no,no,no,no,no,no,yes,no,no,yes,yes,no,no,no,no,no,no,no,no,no,no,no,no,no,no,no,no,no,no,no,no,https://www.evernote.com/shard/s3/nl/584496/8cc0d3a1-a8b8-4998-b9d8-9d8f3e88c4d2/
White Blank Page,Mumford and Sons,10/2/2009,no,no,no,yes,no,no,no,no,no,no,no,no,yes,no,no,no,yes,no,no,no,no,no,no,no,no,no,no,no,no,no,no,no,no,no,yes,no,no,https://www.evernote.com/shard/s3/nl/584496/353b1ccc-43da-4e99-8fba-87889375b291/
Winter Winds,Mumford and Sons,10/2/2009,yes,no,no,yes,no,no,no,no,no,no,no,no,yes,no,no,no,yes,no,no,no,no,no,no,no,no,no,no,no,no,no,no,no,no,no,yes,no,no,https://www.evernote.com/shard/s3/nl/584496/5974b304-a68a-4045-b970-c4435b603db0/
Tus Pies (Your Feet),Nahko & Medecine For The People,1/1/2016,no,no,no,yes,yes,no,no,no,no,no,no,no,yes,no,no,no,yes,no,no,no,no,no,no,no,no,no,no,no,no,no,no,no,no,no,no,no,no,https://www.evernote.com/shard/s3/nl/584496/b292ced8-ec38-4ead-91c9-8c12ce112509/
L.O.V.E.,Nat King Cole,6/3/1964,no,no,no,yes,no,no,yes,no,no,no,no,no,no,no,no,no,no,no,no,no,no,no,no,no,no,no,yes,no,no,no,no,no,no,no,no,no,no,https://www.evernote.com/shard/s3/nl/584496/8e9d6c08-359a-408f-9758-4ce9c9dcc842/
Heart Of Gold,Neil Young,2/14/1972,yes,no,no,yes,no,yes,no,no,no,no,no,no,yes,no,yes,yes,no,no,no,no,no,no,no,no,no,no,no,no,no,no,no,no,no,no,no,no,no,https://www.evernote.com/shard/s3/nl/584496/761bab10-ba25-4c58-a992-0f5ee197ae97/
Only love can break your heart,Neil Young,9/19/1970,no,no,no,yes,no,no,yes,no,no,no,no,no,yes,no,yes,yes,no,no,no,no,no,no,no,no,no,no,no,no,no,no,no,no,no,no,no,no,no,no
Northern Sky,Nick Drake,11/1/1997,no,no,no,no,yes,no,yes,no,no,no,no,no,yes,no,no,no,no,no,no,no,no,no,no,no,no,no,no,no,no,no,no,no,no,no,no,no,no,https://www.evernote.com/shard/s3/nl/584496/2b2d1f19-efe2-4314-8a90-a45e2871a309/
Heart-Shaped Box,Nirvana,8/30/1993,no,no,no,yes,no,no,no,no,no,no,no,no,no,no,no,no,no,yes,no,no,no,no,no,no,no,no,no,no,no,no,no,no,no,no,no,no,no,https://www.evernote.com/shard/s3/nl/584496/96925d53-00a5-4deb-ab7f-22525bdc0ba8/
Story Of My Life,One Direction,10/25/2013,no,no,yes,no,no,no,no,no,no,no,no,no,no,yes,no,no,no,no,no,no,no,no,no,no,no,no,no,no,no,no,no,no,no,no,no,no,no,https://www.evernote.com/shard/s3/nl/584496/a903d03f-edbc-401f-8b4e-b1b4e1f0a5c8/
High Hopes,Panic at the disco,5/23/2018,no,no,yes,no,no,no,no,no,no,no,no,no,no,yes,no,no,no,no,no,no,no,no,no,no,no,no,no,no,no,no,no,no,no,no,no,no,no,no
American Tune,Paul Simon,5/5/1973,no,no,no,no,yes,no,no,no,no,no,no,no,yes,no,no,yes,no,no,no,no,no,no,no,no,no,no,no,no,no,no,no,no,no,no,no,no,no,https://www.evernote.com/shard/s3/nl/584496/62fd1d1e-084a-4672-80ff-2053a94a6730/
Boy In The Bubble,Paul Simon,8/25/1986,no,no,yes,no,no,no,no,no,no,no,no,no,yes,yes,no,no,no,no,no,no,no,no,no,no,no,no,no,no,no,no,no,no,no,no,no,no,no,https://www.evernote.com/shard/s3/nl/584496/34c76a58-31d2-4cb1-9183-18af429aa9f9/
Duncan,Paul Simon,1/24/1972,no,no,no,yes,no,no,no,no,no,no,no,no,yes,yes,no,yes,no,no,no,no,no,no,no,no,no,no,no,no,no,no,no,no,no,no,no,no,no,https://www.evernote.com/shard/s3/nl/584496/bd923cad-64d7-4175-a900-d7d12724be11/
God Bless The Absentee,Paul Simon,8/1/1980,no,no,no,yes,no,no,no,no,no,no,no,no,no,no,no,yes,no,no,no,no,yes,no,no,no,no,no,no,no,no,no,no,no,no,no,no,no,no,https://www.evernote.com/shard/s3/nl/584496/44ade4c8-b3fd-4082-991f-2f43d9a6e8a4/
Hearts and Bones,Paul Simon,11/4/1983,no,no,no,yes,no,no,no,no,no,no,no,no,no,yes,no,yes,no,no,no,no,no,no,no,no,no,no,no,no,no,no,no,no,no,no,no,no,no,no
Late In The Evening,Paul Simon,7/1/1980,no,no,yes,no,no,no,no,no,no,no,no,no,no,yes,no,yes,no,no,no,no,no,no,no,no,no,no,no,no,no,no,no,no,no,no,no,no,no,https://www.evernote.com/shard/s3/nl/584496/496d4d3e-c2ea-4c02-8787-206209801e9a/
Something So Right,Paul Simon,5/5/1973,no,no,no,no,yes,no,no,no,no,no,no,no,no,yes,no,yes,no,no,no,no,no,no,no,no,no,no,no,no,no,no,no,no,no,no,no,no,no,https://www.evernote.com/shard/s3/nl/584496/14b4783a-f3a1-4c00-a00e-8153c40bf9dc/
St. Judy's Comet,Paul Simon,5/5/1973,no,no,no,no,yes,no,no,no,no,no,no,no,no,yes,no,yes,no,no,no,no,no,no,no,no,no,no,no,no,no,no,no,no,no,no,no,no,no,https://www.evernote.com/shard/s3/nl/584496/f624b212-baa9-4565-911a-9070334e03ed/
Under African Skies,Paul Simon,8/25/1986,yes,no,yes,yes,no,no,no,no,no,no,no,no,yes,no,no,yes,no,no,no,no,no,no,no,no,no,no,no,no,yes,no,no,no,no,no,no,no,no,https://www.evernote.com/shard/s3/nl/584496/2a529c4b-f8e3-4f20-87ad-f21b3b745fba/
Last Kiss,Pearl Jam,11/11/2003,no,no,no,yes,no,no,no,no,no,no,no,no,no,no,no,yes,no,yes,no,no,no,no,no,no,no,no,no,no,no,no,no,no,no,no,no,no,no,https://www.evernote.com/shard/s3/nl/584496/a1d73904-ee1c-4c47-af2a-7a44edf3a80b/
Baby I Love Your Way,Peter Frampton,3/1/1975,no,no,no,yes,no,yes,yes,no,no,no,no,no,no,no,no,yes,no,no,no,no,no,no,no,no,no,no,no,no,no,no,no,no,no,no,no,no,no,https://www.evernote.com/shard/s3/nl/584496/45254a3d-c09b-49b8-9e80-c527b36d29f9/
Solsbury Hill,Peter Gabriel,1/1/1978,no,no,no,yes,no,no,no,no,no,no,no,no,yes,yes,no,no,no,no,no,no,no,no,no,no,no,no,no,no,no,no,no,no,no,no,no,no,no,https://www.evernote.com/shard/s3/nl/584496/703419d9-52eb-4643-adbd-ab0526dcf44f/
For Lovin' Me,Peter Paul & Mary,1/1/1965,yes,no,no,yes,no,no,no,no,no,no,no,no,yes,no,no,no,no,no,no,no,no,no,no,no,no,no,no,no,no,no,no,no,no,no,no,no,no,https://www.evernote.com/shard/s3/nl/584496/2c697447-241a-40df-921c-ac14a1ba7063/
Leaving On A Jet Plane,Peter Paul & Mary,10/1/1969,no,no,no,no,yes,yes,no,no,no,no,no,no,yes,no,no,no,no,no,no,no,no,no,no,no,no,no,no,no,no,no,no,no,no,no,no,no,no,https://www.evernote.com/shard/s3/nl/584496/ef5f878b-786b-4fd9-9a47-c92dd7777cfb/
Puff The Magic Dragon,Peter Paul & Mary,1/1/1963,no,no,no,yes,no,no,no,no,no,no,no,no,yes,no,no,no,no,no,no,no,no,no,no,no,no,no,no,no,no,no,no,no,no,no,no,no,no,https://www.evernote.com/shard/s3/nl/584496/8a88ca60-d4ef-4946-a5e2-ed6b13fd7c78/
Happy,Pharrell Williams,11/21/2013,no,no,yes,no,no,yes,no,no,no,no,no,no,no,no,no,no,no,no,no,yes,no,no,no,yes,no,no,no,yes,no,no,no,no,no,no,no,no,no,https://www.evernote.com/shard/s3/nl/584496/b1d9f96a-2682-4b0a-ac9c-bdeba2560336/
You'll Be In My Heart,Phil Collins,6/15/1999,no,no,no,yes,no,no,no,no,no,no,yes,yes,no,yes,no,yes,no,no,no,no,no,no,no,no,no,no,no,no,no,no,no,no,no,no,no,no,no,https://www.evernote.com/shard/s3/nl/584496/8e3a66b2-08ef-47a3-9613-985c892575a0/
Gone Gone Gone,Phillip Phillips,11/19/2012,no,no,yes,no,no,no,yes,no,no,no,no,no,no,yes,no,yes,no,no,no,no,no,no,no,no,no,no,no,no,no,no,no,no,no,no,no,no,no,https://www.evernote.com/shard/s3/nl/584496/c498f65b-b740-4ac2-9d7a-cc3cf1eea18b/
Brian and Robert,Phish,10/27/1998,no,no,no,yes,no,no,no,no,no,no,no,no,no,no,no,yes,no,yes,no,no,no,no,no,no,no,no,no,no,no,no,no,no,no,no,no,yes,no,https://www.evernote.com/shard/s3/nl/584496/cf93d743-ae00-4645-b365-8c65ef17e608/
Character Zero,Phish,10/15/1996,no,no,yes,no,no,yes,no,no,no,no,no,no,no,no,no,yes,no,yes,no,no,no,no,no,no,no,no,no,no,no,no,no,no,no,no,no,yes,no,https://www.evernote.com/shard/s3/nl/584496/e3dcfd0c-d033-4518-ace1-ef74921b319a/
Waste,Phish,10/15/1996,yes,no,no,no,yes,no,yes,no,no,no,no,no,no,no,no,yes,no,yes,no,no,no,no,no,no,no,no,no,no,no,no,no,no,no,no,no,yes,no,https://www.evernote.com/shard/s3/nl/584496/1819c278-445c-4e72-92d0-a112f58077c5/
Comfortably Numb,Pink Floyd,6/23/1980,no,no,no,yes,no,yes,no,no,no,no,no,no,no,no,no,yes,no,no,no,no,no,no,no,no,no,no,no,no,no,no,no,no,no,no,no,no,no,https://www.evernote.com/shard/s3/nl/584496/e6be2e97-f210-418f-81cd-eb6ac4b47f9e/
Starfish and Coffee,Prince,3/30/1987,no,no,no,yes,no,no,no,no,no,no,no,no,no,yes,no,yes,no,no,no,no,no,no,no,yes,no,no,no,no,no,no,no,no,no,no,no,no,no,no
Whiter Shade of Pale,Procol Harum,5/12/1967,no,no,no,no,yes,no,no,no,no,yes,no,no,no,no,no,yes,no,no,no,no,no,no,no,no,no,no,no,no,no,no,no,no,no,no,no,no,no,https://www.evernote.com/shard/s3/nl/584496/70475569-0d4b-4d3e-a6ed-4881ebb432aa/
We Are The Champions,Queen,10/7/1977,no,no,no,yes,no,yes,no,no,no,no,no,no,no,no,no,yes,no,no,no,no,no,no,no,no,no,no,no,no,no,no,no,no,no,no,no,no,no,https://www.evernote.com/shard/s3/nl/584496/a2ecba10-1ab0-4698-b6ec-8b1a3609e2ca/
Ignition (Remix),R Kelly,11/5/2002,no,no,no,yes,no,yes,no,no,no,no,no,no,no,yes,no,no,no,no,no,no,no,no,no,yes,no,no,no,no,no,no,no,no,no,no,no,no,no,https://www.evernote.com/shard/s3/nl/584496/5b0ab1db-bf19-445f-a8a0-f40cfd90e8bb/
Everybody Hurts,R.E.M.,4/15/1993,no,no,no,no,yes,no,no,no,no,no,no,no,no,no,no,yes,no,yes,no,no,no,no,no,no,no,no,no,no,no,no,no,no,no,no,no,no,no,https://www.evernote.com/shard/s3/nl/584496/ada56430-5ea3-4c8c-bf8f-c9580bc25fbb/
Nightswimming,R.E.M.,7/15/1993,no,no,no,yes,no,no,no,no,no,no,no,no,no,no,no,yes,no,yes,no,no,no,no,no,no,no,no,no,no,no,no,no,no,no,no,no,no,no,https://www.evernote.com/shard/s3/nl/584496/424a0879-369d-47dd-9a8c-4526725b833e/
You've Got A Friend In Me,Randy Newman,4/12/1996,no,no,no,yes,no,no,no,no,no,no,yes,yes,no,yes,yes,no,no,no,no,no,no,no,no,no,no,no,no,no,no,no,no,no,no,no,no,no,no,https://www.evernote.com/shard/s3/nl/584496/f9fd8b32-edea-4d93-b341-6d9cdfbddb4e/
Bless the Broken Road,Rascal Flatts,1/1/2005,no,no,no,yes,yes,no,yes,no,no,yes,no,no,no,yes,yes,no,no,no,no,no,no,no,no,no,no,no,no,no,no,no,no,no,no,no,no,no,no,https://www.evernote.com/shard/s3/nl/584496/527f32b6-14e2-4b11-b1d9-0aad0482015e/
Hold You In My Arms,Ray LaMontagne,9/14/2004,yes,no,no,no,yes,no,yes,no,no,yes,no,no,yes,no,no,no,no,no,no,no,no,no,no,no,no,no,no,no,no,no,no,no,no,no,no,no,no,https://www.evernote.com/shard/s3/nl/584496/fa829189-dcbb-4c3a-8e52-57708fd32423/
Under The Bridge,Red Hot Chili Peppers,3/10/1992,no,no,no,yes,no,no,no,no,no,no,no,no,no,no,no,yes,no,yes,no,no,no,no,no,no,no,no,no,no,no,no,no,no,no,no,no,no,no,https://www.evernote.com/shard/s3/nl/584496/4f8c10aa-e264-436c-8959-f6cbcce98305/
Lonesome Town,Ricky Nelson,8/29/1958,no,no,no,no,yes,no,no,no,no,no,no,no,no,no,yes,yes,no,no,no,no,no,no,no,no,no,no,no,no,no,no,no,no,no,no,no,no,no,https://www.evernote.com/shard/s3/nl/584496/c17f1c22-18b6-4ed1-89a4-2a396eddec93/
Unchained Melody,Righteous Brothers,7/1/1965,no,no,no,no,yes,no,yes,no,no,yes,no,no,no,yes,no,no,no,no,no,yes,no,no,no,no,no,no,no,no,no,no,no,no,no,no,no,no,no,https://www.evernote.com/shard/s3/nl/584496/5562c015-a72b-4d3b-a7d1-f9154d3e7b2f/
Dancing In The Dark,Rihanna,1/1/2014,no,no,no,yes,no,no,no,no,no,no,no,no,no,yes,no,no,no,no,no,no,no,no,no,yes,no,no,no,no,no,no,no,no,no,no,no,no,no,https://www.evernote.com/shard/s3/nl/584496/9d72724c-1182-4c40-a247-f1656775154a/
Diamonds,Rihanna,9/27/2012,no,no,no,yes,no,no,no,no,no,no,no,no,no,yes,no,no,no,no,no,no,no,no,no,yes,no,no,no,no,no,no,no,no,no,no,no,no,no,https://www.evernote.com/shard/s3/nl/584496/4e3e58b6-5ae9-480f-9f2e-f5ecd0490e90/
Man Down,Rihanna,5/3/2011,no,no,yes,no,no,no,no,no,no,no,no,no,no,yes,no,no,no,no,yes,no,no,no,no,no,no,no,no,no,no,no,no,no,no,no,no,no,no,https://www.evernote.com/shard/s3/nl/584496/3e038ba6-488b-4cec-ad74-58cd0cb51f22/
Forever Young,Rod Stewart,5/23/1988,no,no,no,yes,no,no,no,no,no,no,yes,yes,no,yes,no,yes,no,no,no,no,no,no,no,no,no,no,no,no,no,no,no,no,no,no,no,no,no,https://www.evernote.com/shard/s3/nl/584496/c223cd93-3997-4c2c-a5f4-2a288a22de13/
Oo De Lally (Robin Hood),Roger Miller,11/8/1973,no,no,no,no,yes,no,no,no,no,no,no,no,yes,no,no,no,no,no,no,no,no,no,no,no,yes,no,no,no,no,no,no,no,no,no,no,no,no,https://www.evernote.com/shard/s3/nl/584496/3e5e797c-b6bd-40ea-aae7-0d58176daafd/
Yours,Russell Dickerson,1/1/2017,no,no,no,no,yes,no,yes,no,no,yes,no,no,no,no,yes,no,no,no,no,no,no,no,no,no,no,no,no,no,no,no,no,no,no,no,no,no,no,no
Lost Boy,Ruth B,2/12/2015,no,no,no,no,yes,no,no,no,no,no,no,no,no,yes,no,no,no,no,no,no,no,no,no,no,no,no,no,no,no,no,no,no,no,no,no,no,no,https://www.evernote.com/shard/s3/nl/584496/0ede6dac-2067-4e30-94b3-32d8cb75a438/
Oh My Sweet Carolina,Ryan Adams,9/5/2000,yes,no,no,no,yes,no,no,no,no,no,no,no,no,no,yes,no,no,yes,no,no,no,no,no,no,no,no,no,no,no,no,no,no,no,no,no,no,no,https://www.evernote.com/shard/s3/nl/584496/7a742976-232e-4991-937a-f91cd19d8136/
A change is gonna come,Sam Cooke,2/1/1964,no,no,no,no,yes,no,no,no,no,no,no,no,no,no,no,no,no,no,no,yes,no,no,no,yes,no,no,no,no,no,no,no,no,no,no,no,no,no,no
Cupid,Sam Cooke,5/16/1961,no,no,no,yes,no,no,yes,no,no,no,no,no,no,no,no,no,no,no,no,no,no,no,no,no,no,yes,no,no,no,no,no,no,no,no,no,no,no,https://www.evernote.com/shard/s3/nl/584496/b62fc9d6-f563-4186-b7f4-f98386de86ce/
Beautiful Girls,Sean Kingston,5/26/2007,no,no,no,yes,no,no,no,no,no,no,no,no,no,no,no,no,no,no,yes,no,no,no,no,yes,no,no,no,no,no,no,no,no,no,no,no,no,no,https://www.evernote.com/shard/s3/nl/584496/2f0a60f7-9804-40bf-8771-692f43b5c856/
Stompa,Serena Ryder,9/27/2012,yes,no,yes,no,no,no,no,no,no,no,no,no,no,no,no,yes,yes,no,no,no,no,no,no,no,no,yes,no,no,no,no,no,no,no,no,no,no,no,https://www.evernote.com/shard/s3/nl/584496/ba20faeb-f27e-407e-9e61-79e24ea31900/
America,Simon & Garfunkel,4/3/1968,no,no,no,yes,no,no,no,no,no,no,no,no,yes,no,no,yes,no,no,no,no,no,no,no,no,no,no,no,no,no,no,no,no,no,no,no,no,no,https://www.evernote.com/shard/s3/nl/584496/6eca7215-8d7b-4a8d-a88a-146b2f0d5a1e/
Blues Run The Game,Simon & Garfunkel,1/1/1965,no,no,no,no,yes,no,no,no,no,no,no,no,yes,no,no,no,no,no,no,no,no,no,no,no,no,no,no,no,no,no,no,no,no,no,no,no,no,https://www.evernote.com/shard/s3/nl/584496/be7e5150-43bb-4d61-b38b-113a7c89fc6b/
Bookends Theme,Simon & Garfunkel,4/3/1968,no,no,no,no,yes,no,no,no,no,no,no,no,yes,no,no,yes,no,no,no,no,no,no,no,no,no,no,no,no,no,no,no,no,no,no,no,no,no,https://www.evernote.com/shard/s3/nl/584496/3ba55eb1-10eb-43c4-9920-6865fbeee709/
Flowers Never Bend With The Rainfall,Simon & Garfunkel,9/1/1966,no,no,yes,no,no,no,no,no,no,no,no,no,yes,no,no,yes,no,no,no,no,no,no,no,no,no,no,no,no,no,no,no,no,no,no,no,no,no,https://www.evernote.com/shard/s3/nl/584496/fe279f61-9f61-4456-960c-fb2f389f83dd/
I Am A Rock,Simon & Garfunkel,1/17/1966,yes,no,yes,no,no,no,no,no,no,no,no,no,yes,no,no,yes,no,no,no,no,no,no,no,no,no,no,no,no,no,no,no,no,no,no,no,no,no,https://www.evernote.com/shard/s3/nl/584496/0e6e60d1-e530-4698-be37-ee605565af6a/
Kathy's Song,Simon & Garfunkel,1/17/1966,no,no,no,no,yes,no,yes,no,no,no,no,no,yes,no,no,yes,no,no,no,no,no,no,no,no,no,no,no,no,no,no,no,no,no,no,no,no,no,https://www.evernote.com/shard/s3/nl/584496/28cdde52-c11d-4370-b407-d341f69e895e/
Overs,Simon & Garfunkel,4/3/1968,no,no,no,no,yes,no,no,no,no,no,no,no,yes,no,no,no,no,no,no,no,no,no,no,no,no,yes,no,no,no,no,no,no,no,no,no,no,no,https://www.evernote.com/shard/s3/nl/584496/d7f065cc-e6dd-41b4-ad8c-61be9c82bbea/
Song For The Asking,Simon & Garfunkel,1/26/1970,no,no,no,yes,no,no,yes,no,no,no,no,no,yes,no,no,yes,no,no,no,no,no,no,no,no,no,no,no,no,no,no,no,no,no,no,no,no,no,https://www.evernote.com/shard/s3/nl/584496/db5717d1-4b72-4cd1-9c83-d833f39427b1/
Sound Of Silence,Simon & Garfunkel,1/17/1966,yes,no,no,no,yes,no,no,no,no,no,no,no,yes,no,no,yes,no,no,no,no,no,no,no,no,no,no,no,no,no,no,no,no,no,no,no,no,no,https://www.evernote.com/shard/s3/nl/584496/4785dc0d-ac83-4e84-aa35-7e5de3c6b0b0/
The Dangling Conversation,Simon & Garfunkel,9/1/1966,no,no,no,no,yes,no,no,no,no,no,no,no,yes,no,no,yes,no,no,no,no,no,no,no,no,no,no,no,no,no,no,no,no,no,no,no,no,no,https://www.evernote.com/shard/s3/nl/584496/86f4fe26-fdf8-47f6-9070-c8777fd62ba0/
I'm Gonna Be (500 miles),Sleeping at last,1/1/2014,no,no,no,no,yes,no,yes,yes,no,yes,no,no,no,yes,no,no,no,no,no,no,no,no,no,no,no,no,no,no,no,no,no,no,no,no,no,no,no,no
Disarm,Smashing Pumpkins,3/22/1994,no,no,yes,yes,no,no,no,no,no,no,no,no,no,no,no,yes,no,yes,no,no,no,no,no,no,no,no,no,no,no,no,no,no,no,no,no,no,no,https://www.evernote.com/shard/s3/nl/584496/a9c9ad3b-7fee-46f3-88af-4fa540f7c708/
Chasing Cars,Snow Patrol,6/6/2006,no,no,no,yes,no,no,yes,no,no,yes,no,no,no,no,no,yes,no,yes,no,no,no,no,no,no,no,no,no,no,no,no,no,no,no,no,no,no,no,https://www.evernote.com/shard/s3/nl/584496/e3436aa1-f875-4384-9788-9ad52bd86daf/
I Got You Babe,Sonny & Cher,7/9/1965,yes,no,no,yes,no,yes,yes,no,yes,yes,no,no,no,yes,no,no,no,no,no,no,no,no,no,no,no,no,no,no,no,no,no,no,no,no,no,no,no,https://www.evernote.com/shard/s3/nl/584496/f74a2415-68cf-47ec-8ed1-22c2b23ae18c/
Edelweiss,Sound of Music,1/1/1959,no,no,no,no,yes,no,no,no,no,no,no,no,no,yes,no,no,no,no,no,no,no,no,no,no,no,no,no,no,no,no,no,no,no,no,no,no,no,https://www.evernote.com/shard/s3/nl/584496/514ea073-3c0a-44dd-b873-94a9ad30b8e7/
Afternoon Delight,Starland Vocal Band,4/1/1976,yes,no,no,yes,no,no,no,no,no,no,no,no,no,yes,yes,no,no,no,no,no,no,no,no,no,no,no,no,no,no,no,no,no,no,no,no,no,no,no
Nothing's Gonna Stop Us Now,Starship,1/30/1987,yes,no,yes,yes,no,no,yes,no,no,no,no,no,no,no,no,yes,no,no,no,no,no,no,no,no,no,no,no,no,no,no,no,no,no,no,no,no,no,no
You Are the Sunshine of my Life,Stevie Wonder,3/1/1973,no,no,no,yes,no,no,no,no,no,no,yes,yes,no,yes,no,no,no,no,no,yes,no,no,no,no,no,no,no,no,no,no,no,no,no,no,no,no,no,no
Garden Grove,Sublime,7/30/1996,no,no,yes,yes,no,no,no,no,no,no,no,no,no,no,no,yes,no,yes,yes,no,no,yes,no,no,no,no,no,no,no,no,no,no,no,no,no,no,no,https://www.evernote.com/shard/s3/nl/584496/43386f95-578c-460e-ba2a-313c9db15ae5/
Rivers of Babylon,Sublime,6/1/1992,yes,no,no,no,yes,no,no,no,no,no,no,no,no,no,no,no,no,no,yes,no,no,no,no,no,no,no,no,no,no,no,yes,no,no,no,no,no,no,https://www.evernote.com/shard/s3/nl/584496/a03c919a-d194-4b5b-822d-a7ff29c36dde/
Wrong Way,Sublime,5/25/1997,no,no,yes,no,no,no,no,no,no,no,no,no,no,no,no,no,no,no,yes,no,no,yes,no,no,no,no,no,no,no,no,no,no,no,no,no,no,no,https://www.evernote.com/shard/s3/nl/584496/a8319d07-e945-45b7-bf4f-43ffffc070ad/
John Wayne Gacy Jr.,Sufjan Stevens,7/4/2005,no,no,no,no,yes,no,no,no,no,no,no,no,yes,yes,no,no,yes,no,no,no,no,no,no,no,no,no,no,no,no,no,no,no,no,no,no,no,no,https://www.evernote.com/shard/s3/nl/584496/2b0a20e8-e994-47a1-9bd6-848e7da1b518/
Give a Little Bit,Supertramp,5/1/1977,no,no,yes,no,no,no,no,no,no,no,no,no,yes,yes,no,no,no,no,no,no,no,no,no,no,no,no,no,no,no,no,no,no,no,no,no,no,no,https://www.evernote.com/shard/s3/nl/584496/5c3084ce-9b4f-46a6-a409-fff8f8089696/
Dynamite,Taio Cruz,5/30/2010,no,no,yes,no,no,no,no,no,no,no,no,no,no,yes,no,no,no,no,no,no,no,no,no,no,no,no,no,yes,no,no,no,no,no,no,no,no,no,https://www.evernote.com/shard/s3/nl/584496/5d1efcf9-b7e3-48f5-9096-1c1287993f2b/
Everything Has Changed (feat. Ed Sheeran),Taylor Swift,7/16/2013,yes,no,no,yes,no,no,yes,no,no,no,no,no,yes,yes,no,no,no,no,no,no,no,no,no,no,no,no,no,no,no,no,no,no,no,no,no,no,no,https://www.evernote.com/shard/s3/nl/584496/ee0395cd-8a55-4a94-af82-6a0e8e1a9b3f/
I Knew You Were Trouble,Taylor Swift,10/9/2012,no,no,no,yes,no,no,no,no,no,no,no,no,no,yes,yes,no,no,no,no,no,no,no,no,no,no,no,no,no,no,no,no,no,no,no,no,no,no,https://www.evernote.com/shard/s3/nl/584496/f74308a4-e498-4e92-b040-32893dc2eedd/
Mean,Taylor Swift,3/13/2011,no,no,no,yes,no,yes,no,no,no,no,no,no,no,yes,yes,no,no,no,no,no,no,no,no,no,no,no,no,no,no,no,no,no,no,no,no,no,no,https://www.evernote.com/shard/s3/nl/584496/b68862f5-aab8-4963-baf3-7c96580ef273/
I Was Just Thinking,Teitur,1/1/2003,no,no,no,no,yes,no,yes,no,no,no,no,no,yes,yes,no,no,no,no,no,no,no,no,no,no,no,no,no,no,no,no,no,no,no,no,no,no,no,https://www.evernote.com/shard/s3/nl/584496/0bf09fd4-9100-44f9-b714-8e40f9d5ac28/
Tribute,Tenacious D,9/25/2001,no,no,no,yes,no,yes,no,no,no,no,no,no,no,no,no,yes,no,no,no,no,no,no,yes,no,no,no,no,no,no,no,no,no,no,no,no,no,no,https://www.evernote.com/shard/s3/nl/584496/f848954c-315f-490d-aa7f-6c257e63bee2/
Wonder Boy,Tenacious D,9/25/2001,no,no,no,yes,no,yes,no,no,no,no,no,no,no,no,no,yes,no,no,no,no,no,no,no,no,no,no,no,no,no,no,no,no,no,no,no,no,no,https://www.evernote.com/shard/s3/nl/584496/a90bc728-7287-457a-b18d-ad2892cd51ea/
Lion Sleeps Tonight,Tokens,11/1/1961,no,no,no,yes,no,no,no,no,no,no,no,no,no,yes,no,no,no,no,no,no,no,no,no,no,no,yes,no,no,no,no,no,no,no,no,no,no,no,https://www.evernote.com/shard/s3/nl/584496/3c2c381e-fa5e-41d0-849f-6aff1afd41c5/
Learning To Fly,Tom Petty,6/17/1991,no,no,no,yes,no,no,no,no,no,no,no,no,no,no,no,yes,no,no,no,no,no,no,no,no,no,no,no,no,no,no,no,no,no,no,no,no,no,https://www.evernote.com/shard/s3/nl/584496/4e3da50f-3293-4e10-9769-236c3ee77912/
If You Could Only See,Tonic,4/30/1997,no,no,no,yes,no,no,no,no,no,no,no,no,no,no,no,yes,no,yes,no,no,no,no,no,no,no,no,no,no,no,no,no,no,no,no,no,no,no,https://www.evernote.com/shard/s3/nl/584496/f429f421-b042-4bcc-bf46-9d66748b7ab4/
Africa,Toto,10/30/1982,no,no,yes,yes,no,yes,no,no,no,no,no,no,no,no,no,yes,no,no,no,no,no,no,no,no,no,no,no,no,no,no,no,no,no,no,no,no,no,https://www.evernote.com/shard/s3/nl/584496/aab7a4b6-a78c-45ee-90bc-b56d4141288d/
I Will Follow You,Toulouse,1/1/2016,no,no,no,no,yes,no,yes,yes,no,no,no,no,yes,no,no,no,yes,no,no,no,no,no,no,no,no,no,no,no,no,no,no,no,no,no,no,no,no,https://www.evernote.com/shard/s3/nl/584496/05d52dbc-c980-4e0b-8565-bd99d489dca6/
Danny Boy,Traditional,1/1/1950,no,no,no,no,yes,no,no,no,no,no,no,no,yes,no,no,no,no,no,no,no,no,no,no,no,no,no,no,no,no,no,no,no,no,no,no,no,no,https://www.evernote.com/shard/s3/nl/584496/bd8e8500-3879-451b-b667-b08bdcbd02ed/
Home On The Range,Traditional,1/1/1950,no,no,no,yes,no,yes,no,no,no,no,no,no,yes,no,no,no,no,no,no,no,no,no,no,no,no,no,no,no,no,no,no,no,no,no,no,no,no,https://www.evernote.com/shard/s3/nl/584496/e38559b2-5bb9-4167-97a3-6fd5df37c398/
Hey Soul Sister,Train,8/11/2009,no,no,yes,no,no,no,no,no,no,no,no,no,no,yes,no,yes,no,no,no,no,no,no,no,no,no,no,no,no,no,no,no,no,no,no,no,no,no,https://www.evernote.com/shard/s3/nl/584496/f677ea50-9be7-4a71-9783-8b175811339b/
Marry Me,Train,10/25/2010,no,no,no,no,yes,no,yes,yes,no,yes,no,no,yes,yes,no,yes,no,no,no,no,no,no,no,no,no,no,no,no,no,no,no,no,no,no,no,no,no,https://www.evernote.com/shard/s3/nl/584496/d2a6785b-7370-43d8-95cb-d85bf86ef5ac/
End of the Line,Traveling Wilburys,1/23/1989,no,no,no,yes,no,no,no,no,no,no,no,no,yes,no,no,yes,no,no,no,no,no,no,no,no,no,no,no,no,no,no,no,no,no,no,no,no,no,https://www.evernote.com/shard/s3/nl/584496/551755c2-4364-4f66-899c-8095aef822e6/
Happy Together,Turtles,2/14/1967,yes,no,no,yes,no,no,yes,no,yes,yes,no,no,no,yes,no,no,no,no,no,no,no,no,no,no,no,no,no,no,no,no,no,no,no,no,no,no,no,https://www.evernote.com/shard/s3/nl/584496/f8e8ac26-def8-44d2-973c-d7e5b7002b74/
With or Without You,U2,3/16/1987,no,no,no,yes,yes,no,yes,yes,no,yes,no,no,no,no,no,yes,no,no,no,no,no,no,no,no,no,no,no,no,no,no,no,no,no,no,no,no,no,https://www.evernote.com/shard/s3/nl/584496/0a7b4b8b-c78b-447e-98be-e81c7d455863/
Someone Like You,Van Morrisson,11/1/1987,no,no,no,no,yes,no,yes,no,no,yes,no,no,yes,no,no,no,no,no,no,no,no,no,no,no,no,no,yes,no,no,no,no,no,no,no,no,no,no,https://www.evernote.com/shard/s3/nl/584496/7840f4b4-0af5-43d2-800d-1f107818053e/
Fire and the Flood,Vance Joy,7/24/2015,no,no,no,yes,yes,no,yes,yes,no,yes,no,no,yes,yes,no,no,yes,no,no,no,no,no,no,no,no,no,no,no,no,no,no,no,no,no,no,no,no,https://www.evernote.com/shard/s3/nl/584496/3fb1737f-f2dd-4772-ab45-2dbd5ac3a38a/
Shut Up And Dance ,Walk The Moon,9/10/2014,no,no,yes,no,no,yes,no,no,no,no,no,no,no,yes,no,yes,no,no,no,no,no,no,no,no,no,no,no,yes,no,no,no,no,no,no,no,no,no,https://www.evernote.com/shard/s3/nl/584496/fe7f1808-8f84-4e35-8841-eb8c14dc412e/
Regulate (feat. Nate Dogg),Warren G,4/28/1994,yes,no,no,yes,no,yes,no,no,no,no,no,no,no,no,no,no,no,no,no,no,no,no,no,no,no,no,no,no,no,yes,no,no,yes,no,no,no,no,https://www.evernote.com/shard/s3/nl/584496/a627c614-8149-4851-817a-e9e0b9e12754/
Can't Go Back Now,Weepies,4/22/2008,yes,no,no,no,yes,no,no,no,no,no,no,no,yes,yes,no,no,no,no,no,no,no,no,no,no,no,no,no,no,no,no,no,no,no,no,no,no,no,https://www.evernote.com/shard/s3/nl/584496/cebe2029-edc7-41bf-ade6-8d7ba0888e3d/
Gotta Have You,Weepies,3/7/2006,no,no,no,yes,no,no,no,no,no,no,no,no,yes,yes,no,no,no,no,no,no,no,no,no,no,no,no,no,no,no,no,no,no,no,no,no,no,no,https://www.evernote.com/shard/s3/nl/584496/8fdce4b2-845f-4328-9332-16d329de33ba/
Living In Twilight,Weepies,3/7/2006,yes,no,no,no,yes,no,no,no,no,no,no,no,yes,yes,no,no,no,no,no,no,no,no,no,no,no,no,no,no,no,no,no,no,no,no,no,no,no,https://www.evernote.com/shard/s3/nl/584496/1af390a3-4f16-467c-9eff-62b577e3b10e/
Painting by Chagall,Weepies,3/7/2006,yes,no,no,no,yes,no,no,no,no,no,no,no,yes,yes,no,no,no,no,no,no,no,no,no,no,no,no,no,no,no,no,no,no,no,no,no,no,no,https://www.evernote.com/shard/s3/nl/584496/848d2291-3446-4bd2-a5ce-eb15c5db2736/
Please Speak Well Of Me,Weepies,8/31/2010,no,no,no,no,yes,no,no,no,no,no,no,no,yes,yes,no,no,no,no,no,no,no,no,no,no,no,no,no,no,no,no,no,no,no,no,no,no,no,https://www.evernote.com/shard/s3/nl/584496/254c6b45-b1c9-408d-91ef-2a9b8fa94204/
My Name Is Jonas,Weezer,5/10/1994,no,no,no,yes,no,no,no,no,no,no,no,no,no,yes,no,yes,no,yes,no,no,no,no,no,no,no,no,no,no,no,no,no,no,no,no,no,no,no,https://www.evernote.com/shard/s3/nl/584496/85c63f7c-6ca9-444e-9028-be9862927cae/
Undone - The Sweater Song,Weezer,5/10/1994,no,no,no,yes,no,yes,no,no,no,no,no,no,no,yes,no,yes,no,yes,no,no,no,no,no,no,no,no,no,no,no,no,no,no,no,no,no,no,no,https://www.evernote.com/shard/s3/nl/584496/6fe0d37d-8e69-4b47-b347-d74d52c114df/
Behind Blue Eyes,Who,8/14/1971,no,no,no,yes,no,no,no,no,no,no,no,no,no,no,no,yes,no,no,no,no,no,no,no,no,no,no,no,no,no,no,no,no,no,no,no,no,no,https://www.evernote.com/shard/s3/nl/584496/4f42484a-abaf-4b5f-bc7f-dce5b560534e/
Christmas,Who,5/23/1969,no,no,yes,yes,no,no,no,no,no,no,no,no,no,no,no,yes,no,no,no,no,no,no,no,no,no,no,no,no,no,no,no,no,no,no,no,no,no,https://www.evernote.com/shard/s3/nl/584496/a5e23c42-7ab3-4607-8c2a-8df7b1e66dbf/
Heavy Metal Drummer,Wilco,4/23/2002,no,no,no,yes,no,no,no,no,no,no,no,no,no,no,no,yes,yes,yes,no,no,no,no,no,no,no,no,no,no,no,no,no,no,no,no,no,no,no,https://www.evernote.com/shard/s3/nl/584496/f7a2c8bf-4ec1-4dfb-ab31-4481025aa1f5/
This Land Is Your Land,Woody Guthrie,1/1/1950,no,no,no,yes,no,yes,no,no,no,no,no,no,yes,no,no,no,no,no,no,no,no,no,no,no,no,no,no,no,no,no,no,no,no,no,no,no,no,https://www.evernote.com/shard/s3/nl/584496/1de74ca4-368b-4bed-b588-0fab6e841d46/
Only You,Yazoo,3/15/1982,no,no,no,no,yes,no,yes,no,no,no,no,no,no,yes,no,no,no,no,no,no,no,no,no,no,no,no,no,no,no,no,no,no,no,no,no,no,no,no
Homegrown,Zac Brown Band,1/12/2015,yes,no,yes,no,no,no,no,no,no,no,no,no,no,no,yes,no,no,no,no,no,no,no,no,no,no,no,no,no,no,no,no,no,no,no,no,no,no,https://www.evernote.com/shard/s3/nl/584496/ec98639c-5c36-473f-8671-030c0949dc18/
Knee Deep (feat. Jimmy Buffett),Zac Brown Band,9/21/2010,no,no,yes,no,no,no,no,no,no,no,no,no,no,no,yes,no,no,no,no,no,no,no,no,no,no,no,no,no,no,no,no,no,no,no,no,no,no,https://www.evernote.com/shard/s3/nl/584496/5346b2b2-2e4d-4fe7-9937-5b6389c73326/
Natural Disaster,Zac Brown Band,7/10/2012,no,no,yes,no,no,no,no,no,no,no,no,no,no,no,yes,yes,no,no,no,no,no,no,no,no,no,no,no,no,no,no,no,no,no,no,no,yes,no,https://www.evernote.com/shard/s3/nl/584496/462e6d15-e2c4-4622-81cc-705b55614540/
Sweet Annie,Zac Brown Band,8/26/2013,no,no,no,yes,no,no,yes,no,no,no,no,no,no,no,yes,no,no,no,no,no,no,no,no,no,no,no,no,no,no,no,no,no,no,no,no,no,no,https://www.evernote.com/shard/s3/nl/584496/29c80503-bfd8-4544-8be1-616f39402309/